STATE,DISTRICT,YEAR,SEASON,CROP,AREA,PRODUCTION_TONNES
ANDAMAN AND NICOBAR ISLANDS,NICOBARS,2000,Kharif,ARECANUT,1254.0,2000.0
ANDAMAN AND NICOBAR ISLANDS,NICOBARS,2000,Kharif,OTHER KHARIF PULSES,2.0,1.0
ANDAMAN AND NICOBAR ISLANDS,NICOBARS,2000,Kharif,RICE,102.0,321.0
ANDAMAN AND NICOBAR ISLANDS,NICOBARS,2000,Whole Year,BANANA,176.0,641.0
ANDAMAN AND NICOBAR ISLANDS,NICOBARS,2000,Whole Year,CASHEWNUT,720.0,165.0
ANDAMAN AND NICOBAR ISLANDS,NICOBARS,2000,Whole Year,COCONUT,18168.0,65100000.0
ANDAMAN AND NICOBAR ISLANDS,NICOBARS,2000,Whole Year,DRY GINGER,36.0,100.0
ANDAMAN AND NICOBAR ISLANDS,NICOBARS,2000,Whole Year,SUGARCANE,1.0,2.0
ANDAMAN AND NICOBAR ISLANDS,NICOBARS,2000,Whole Year,SWEET POTATO,5.0,15.0
ANDAMAN AND NICOBAR ISLANDS,NICOBARS,2000,Whole Year,TAPIOCA,40.0,169.0
ANDAMAN AND NICOBAR ISLANDS,NICOBARS,2001,Kharif,ARECANUT,1254.0,2061.0
ANDAMAN AND NICOBAR ISLANDS,NICOBARS,2001,Kharif,OTHER KHARIF PULSES,2.0,1.0
ANDAMAN AND NICOBAR ISLANDS,NICOBARS,2001,Kharif,RICE,83.0,300.0
ANDAMAN AND NICOBAR ISLANDS,NICOBARS,2001,Whole Year,CASHEWNUT,719.0,192.0
ANDAMAN AND NICOBAR ISLANDS,NICOBARS,2001,Whole Year,COCONUT,18190.0,64430000.0
ANDAMAN AND NICOBAR ISLANDS,NICOBARS,2001,Whole Year,DRY GINGER,46.0,100.0
ANDAMAN AND NICOBAR ISLANDS,NICOBARS,2001,Whole Year,SUGARCANE,1.0,1.0
ANDAMAN AND NICOBAR ISLANDS,NICOBARS,2001,Whole Year,SWEET POTATO,11.0,33.0
ANDAMAN AND NICOBAR ISLANDS,NICOBARS,2002,Kharif,RICE,189.2,510.84
ANDAMAN AND NICOBAR ISLANDS,NICOBARS,2002,Whole Year,ARECANUT,1258.0,2083.0
ANDAMAN AND NICOBAR ISLANDS,NICOBARS,2002,Whole Year,BANANA,213.0,1278.0
ANDAMAN AND NICOBAR ISLANDS,NICOBARS,2002,Whole Year,BLACK PEPPER,63.0,13.5
ANDAMAN AND NICOBAR ISLANDS,NICOBARS,2002,Whole Year,CASHEWNUT,719.0,208.0
ANDAMAN AND NICOBAR ISLANDS,NICOBARS,2002,Whole Year,COCONUT,18240.0,67490000.0
ANDAMAN AND NICOBAR ISLANDS,NICOBARS,2002,Whole Year,DRY CHILLIES,413.0,28.8
ANDAMAN AND NICOBAR ISLANDS,NICOBARS,2002,Whole Year,DRY GINGER,47.3,133.0
ANDAMAN AND NICOBAR ISLANDS,NICOBARS,2002,Whole Year,SUGARCANE,5.0,40.0
ANDAMAN AND NICOBAR ISLANDS,NICOBARS,2003,Kharif,RICE,52.0,90.17
ANDAMAN AND NICOBAR ISLANDS,NICOBARS,2003,Whole Year,ARECANUT,1261.0,1525.0
ANDAMAN AND NICOBAR ISLANDS,NICOBARS,2003,Whole Year,BANANA,266.0,1763.0
ANDAMAN AND NICOBAR ISLANDS,NICOBARS,2003,Whole Year,BLACK PEPPER,75.5,15.86
ANDAMAN AND NICOBAR ISLANDS,NICOBARS,2003,Whole Year,CASHEWNUT,717.0,208.5
ANDAMAN AND NICOBAR ISLANDS,NICOBARS,2003,Whole Year,COCONUT,18284.74,68580000.0
ANDAMAN AND NICOBAR ISLANDS,NICOBARS,2003,Whole Year,DRY CHILLIES,60.0,102.0
ANDAMAN AND NICOBAR ISLANDS,NICOBARS,2003,Whole Year,DRY GINGER,102.0,326.4
ANDAMAN AND NICOBAR ISLANDS,NICOBARS,2003,Whole Year,OTHER OILSEEDS,4.2,0.3
ANDAMAN AND NICOBAR ISLANDS,NICOBARS,2004,Kharif,RICE,52.94,72.57
ANDAMAN AND NICOBAR ISLANDS,NICOBARS,2004,Whole Year,ARECANUT,1264.7,805.85
ANDAMAN AND NICOBAR ISLANDS,NICOBARS,2004,Whole Year,BANANA,66.42,404.12
ANDAMAN AND NICOBAR ISLANDS,NICOBARS,2004,Whole Year,BLACK PEPPER,85.0,15.86
ANDAMAN AND NICOBAR ISLANDS,NICOBARS,2004,Whole Year,CASHEWNUT,683.5,197.9
ANDAMAN AND NICOBAR ISLANDS,NICOBARS,2004,Whole Year,COCONUT,18394.7,52380000.0
ANDAMAN AND NICOBAR ISLANDS,NICOBARS,2004,Whole Year,DRY CHILLIES,60.0,145.2
ANDAMAN AND NICOBAR ISLANDS,NICOBARS,2004,Whole Year,DRY GINGER,118.0,366.0
ANDAMAN AND NICOBAR ISLANDS,NICOBARS,2004,Whole Year,OTHER OILSEEDS,1.0,0.11
ANDAMAN AND NICOBAR ISLANDS,NICOBARS,2005,Kharif,RICE,2.09,12.06
ANDAMAN AND NICOBAR ISLANDS,NICOBARS,2005,Whole Year,ARECANUT,795.67,
ANDAMAN AND NICOBAR ISLANDS,NICOBARS,2005,Whole Year,BANANA,22.0,582.0
ANDAMAN AND NICOBAR ISLANDS,NICOBARS,2005,Whole Year,BLACK PEPPER,41.0,0.1
ANDAMAN AND NICOBAR ISLANDS,NICOBARS,2005,Whole Year,CASHEWNUT,450.0,55.8
ANDAMAN AND NICOBAR ISLANDS,NICOBARS,2005,Whole Year,COCONUT,13876.57,52030000.0
ANDAMAN AND NICOBAR ISLANDS,NICOBARS,2005,Whole Year,DRY CHILLIES,17.0,
ANDAMAN AND NICOBAR ISLANDS,NICOBARS,2005,Whole Year,TURMERIC,10.0,70.0
ANDAMAN AND NICOBAR ISLANDS,NICOBARS,2006,Whole Year,ARECANUT,896.0,477.6
ANDAMAN AND NICOBAR ISLANDS,NICOBARS,2006,Whole Year,BANANA,198.0,976.0
ANDAMAN AND NICOBAR ISLANDS,NICOBARS,2006,Whole Year,BLACK PEPPER,22.16,0.68
ANDAMAN AND NICOBAR ISLANDS,NICOBARS,2006,Whole Year,CASHEWNUT,450.0,85.13
ANDAMAN AND NICOBAR ISLANDS,NICOBARS,2006,Whole Year,COCONUT,14358.0,59370000.0
ANDAMAN AND NICOBAR ISLANDS,NICOBARS,2006,Whole Year,DRY CHILLIES,3.0,9.0
ANDAMAN AND NICOBAR ISLANDS,NICOBARS,2006,Whole Year,DRY GINGER,6.0,21.0
ANDAMAN AND NICOBAR ISLANDS,NICOBARS,2006,Whole Year,SUGARCANE,0.2,0.5
ANDAMAN AND NICOBAR ISLANDS,NICOBARS,2006,Whole Year,SWEET POTATO,18.0,86.0
ANDAMAN AND NICOBAR ISLANDS,NICOBARS,2006,Whole Year,TAPIOCA,52.03,450.0
ANDAMAN AND NICOBAR ISLANDS,NICOBARS,2006,Whole Year,TURMERIC,2.5,1.03
ANDAMAN AND NICOBAR ISLANDS,NICOBARS,2010,Autumn,RICE,3.5,10.0
ANDAMAN AND NICOBAR ISLANDS,NICOBARS,2010,Autumn,SUGARCANE,13.4,41.75
ANDAMAN AND NICOBAR ISLANDS,NICOBARS,2010,Rabi,ARECANUT,944.0,1610.0
ANDAMAN AND NICOBAR ISLANDS,NICOBARS,2010,Rabi,BLACK PEPPER,23.0,8.5
ANDAMAN AND NICOBAR ISLANDS,NICOBARS,2010,Rabi,CASHEWNUT,1000.5,260.5
ANDAMAN AND NICOBAR ISLANDS,NICOBARS,2010,Rabi,DRY CHILLIES,12.0,25.0
ANDAMAN AND NICOBAR ISLANDS,NICOBARS,2010,Rabi,DRY GINGER,7.0,9.64
ANDAMAN AND NICOBAR ISLANDS,NICOBARS,2010,Rabi,MAIZE,3.84,18.22
ANDAMAN AND NICOBAR ISLANDS,NICOBARS,2010,Rabi,MOONG(GREEN GRAM),1.5,1.1
ANDAMAN AND NICOBAR ISLANDS,NICOBARS,2010,Rabi,SWEET POTATO,22.0,208.0
ANDAMAN AND NICOBAR ISLANDS,NICOBARS,2010,Rabi,TURMERIC,2.0,0.5
ANDAMAN AND NICOBAR ISLANDS,NICOBARS,2010,Rabi,URAD,1.5,1.16
ANDAMAN AND NICOBAR ISLANDS,NICOBARS,2010,Whole Year,BANANA,593.0,3425.0
ANDAMAN AND NICOBAR ISLANDS,NICOBARS,2010,Whole Year,COCONUT,14560.0,71300000.0
ANDAMAN AND NICOBAR ISLANDS,NICOBARS,2010,Whole Year,TAPIOCA,69.0,575.0
ANDAMAN AND NICOBAR ISLANDS,NORTH AND MIDDLE ANDAMAN,2000,Kharif,ARECANUT,3100.0,5200.0
ANDAMAN AND NICOBAR ISLANDS,NORTH AND MIDDLE ANDAMAN,2000,Kharif,OTHER KHARIF PULSES,668.0,448.0
ANDAMAN AND NICOBAR ISLANDS,NORTH AND MIDDLE ANDAMAN,2000,Kharif,RICE,10779.0,31863.0
ANDAMAN AND NICOBAR ISLANDS,NORTH AND MIDDLE ANDAMAN,2000,Whole Year,BANANA,1531.0,12073.0
ANDAMAN AND NICOBAR ISLANDS,NORTH AND MIDDLE ANDAMAN,2000,Whole Year,CASHEWNUT,80.0,54.0
ANDAMAN AND NICOBAR ISLANDS,NORTH AND MIDDLE ANDAMAN,2000,Whole Year,COCONUT,6992.0,23900000.0
ANDAMAN AND NICOBAR ISLANDS,NORTH AND MIDDLE ANDAMAN,2000,Whole Year,DRY GINGER,352.0,1120.0
ANDAMAN AND NICOBAR ISLANDS,NORTH AND MIDDLE ANDAMAN,2000,Whole Year,OTHER OILSEEDS,133.0,55.0
ANDAMAN AND NICOBAR ISLANDS,NORTH AND MIDDLE ANDAMAN,2000,Whole Year,SUGARCANE,141.0,3736.0
ANDAMAN AND NICOBAR ISLANDS,NORTH AND MIDDLE ANDAMAN,2000,Whole Year,SWEET POTATO,78.0,843.0
ANDAMAN AND NICOBAR ISLANDS,NORTH AND MIDDLE ANDAMAN,2000,Whole Year,TAPIOCA,160.0,2108.0
ANDAMAN AND NICOBAR ISLANDS,NORTH AND MIDDLE ANDAMAN,2001,Kharif,ARECANUT,3100.0,5239.0
ANDAMAN AND NICOBAR ISLANDS,NORTH AND MIDDLE ANDAMAN,2001,Kharif,OTHER KHARIF PULSES,418.0,199.0
ANDAMAN AND NICOBAR ISLANDS,NORTH AND MIDDLE ANDAMAN,2001,Kharif,RICE,9718.0,27033.0
ANDAMAN AND NICOBAR ISLANDS,NORTH AND MIDDLE ANDAMAN,2001,Whole Year,CASHEWNUT,81.0,33.0
ANDAMAN AND NICOBAR ISLANDS,NORTH AND MIDDLE ANDAMAN,2001,Whole Year,COCONUT,7015.0,25250000.0
ANDAMAN AND NICOBAR ISLANDS,NORTH AND MIDDLE ANDAMAN,2001,Whole Year,DRY GINGER,344.0,1124.0
ANDAMAN AND NICOBAR ISLANDS,NORTH AND MIDDLE ANDAMAN,2001,Whole Year,SUGARCANE,81.0,2379.0
ANDAMAN AND NICOBAR ISLANDS,NORTH AND MIDDLE ANDAMAN,2001,Whole Year,SWEET POTATO,100.0,5.0
ANDAMAN AND NICOBAR ISLANDS,NORTH AND MIDDLE ANDAMAN,2006,Kharif,RICE,6854.3,18995.62
ANDAMAN AND NICOBAR ISLANDS,NORTH AND MIDDLE ANDAMAN,2006,Whole Year,ARECANUT,1160.0,3011.7
ANDAMAN AND NICOBAR ISLANDS,NORTH AND MIDDLE ANDAMAN,2006,Whole Year,BANANA,957.57,8582.0
ANDAMAN AND NICOBAR ISLANDS,NORTH AND MIDDLE ANDAMAN,2006,Whole Year,BLACK PEPPER,175.0,191.14
ANDAMAN AND NICOBAR ISLANDS,NORTH AND MIDDLE ANDAMAN,2006,Whole Year,CASHEWNUT,40.5,44.0
ANDAMAN AND NICOBAR ISLANDS,NORTH AND MIDDLE ANDAMAN,2006,Whole Year,COCONUT,3575.0,15400000.0
ANDAMAN AND NICOBAR ISLANDS,NORTH AND MIDDLE ANDAMAN,2006,Whole Year,DRY CHILLIES,235.72,824.3
ANDAMAN AND NICOBAR ISLANDS,NORTH AND MIDDLE ANDAMAN,2006,Whole Year,DRY GINGER,98.66,929.0
ANDAMAN AND NICOBAR ISLANDS,NORTH AND MIDDLE ANDAMAN,2006,Whole Year,OTHER OILSEEDS,35.62,21.4
ANDAMAN AND NICOBAR ISLANDS,NORTH AND MIDDLE ANDAMAN,2006,Whole Year,SUGARCANE,71.3,1500.0
ANDAMAN AND NICOBAR ISLANDS,NORTH AND MIDDLE ANDAMAN,2006,Whole Year,SWEET POTATO,30.0,240.0
ANDAMAN AND NICOBAR ISLANDS,NORTH AND MIDDLE ANDAMAN,2006,Whole Year,TAPIOCA,255.0,1420.0
ANDAMAN AND NICOBAR ISLANDS,NORTH AND MIDDLE ANDAMAN,2006,Whole Year,TURMERIC,68.0,408.0
ANDAMAN AND NICOBAR ISLANDS,NORTH AND MIDDLE ANDAMAN,2010,Autumn,RICE,6791.0,20118.0
ANDAMAN AND NICOBAR ISLANDS,NORTH AND MIDDLE ANDAMAN,2010,Autumn,SUGARCANE,73.33,889.2
ANDAMAN AND NICOBAR ISLANDS,NORTH AND MIDDLE ANDAMAN,2010,Rabi,ARECANUT,1296.0,2290.0
ANDAMAN AND NICOBAR ISLANDS,NORTH AND MIDDLE ANDAMAN,2010,Rabi,ARHAR/TUR,294.5,90.8
ANDAMAN AND NICOBAR ISLANDS,NORTH AND MIDDLE ANDAMAN,2010,Rabi,BLACK PEPPER,168.0,13.5
ANDAMAN AND NICOBAR ISLANDS,NORTH AND MIDDLE ANDAMAN,2010,Rabi,CASHEWNUT,84.5,39.0
ANDAMAN AND NICOBAR ISLANDS,NORTH AND MIDDLE ANDAMAN,2010,Rabi,DRY CHILLIES,254.0,402.0
ANDAMAN AND NICOBAR ISLANDS,NORTH AND MIDDLE ANDAMAN,2010,Rabi,DRY GINGER,110.0,1011.84
ANDAMAN AND NICOBAR ISLANDS,NORTH AND MIDDLE ANDAMAN,2010,Rabi,GROUNDNUT,4.75,6.8
ANDAMAN AND NICOBAR ISLANDS,NORTH AND MIDDLE ANDAMAN,2010,Rabi,MAIZE,86.7,96.4
ANDAMAN AND NICOBAR ISLANDS,NORTH AND MIDDLE ANDAMAN,2010,Rabi,MOONG(GREEN GRAM),1168.6,556.55
ANDAMAN AND NICOBAR ISLANDS,NORTH AND MIDDLE ANDAMAN,2010,Rabi,SUNFLOWER,2.9,1.9
ANDAMAN AND NICOBAR ISLANDS,NORTH AND MIDDLE ANDAMAN,2010,Rabi,SWEET POTATO,109.0,480.0
ANDAMAN AND NICOBAR ISLANDS,NORTH AND MIDDLE ANDAMAN,2010,Rabi,TURMERIC,68.0,376.5
ANDAMAN AND NICOBAR ISLANDS,NORTH AND MIDDLE ANDAMAN,2010,Rabi,URAD,1059.5,458.79
ANDAMAN AND NICOBAR ISLANDS,NORTH AND MIDDLE ANDAMAN,2010,Whole Year,BANANA,657.0,7968.0
ANDAMAN AND NICOBAR ISLANDS,NORTH AND MIDDLE ANDAMAN,2010,Whole Year,COCONUT,3668.0,12700000.0
ANDAMAN AND NICOBAR ISLANDS,NORTH AND MIDDLE ANDAMAN,2010,Whole Year,TAPIOCA,186.5,1355.0
ANDAMAN AND NICOBAR ISLANDS,SOUTH ANDAMANS,2002,Kharif,RICE,10695.8,31600.82
ANDAMAN AND NICOBAR ISLANDS,SOUTH ANDAMANS,2002,Whole Year,ARECANUT,3105.0,5267.0
ANDAMAN AND NICOBAR ISLANDS,SOUTH ANDAMANS,2002,Whole Year,BANANA,1524.0,10882.0
ANDAMAN AND NICOBAR ISLANDS,SOUTH ANDAMANS,2002,Whole Year,BLACK PEPPER,487.0,102.5
ANDAMAN AND NICOBAR ISLANDS,SOUTH ANDAMANS,2002,Whole Year,CASHEWNUT,81.0,24.0
ANDAMAN AND NICOBAR ISLANDS,SOUTH ANDAMANS,2002,Whole Year,COCONUT,7060.0,26830000.0
ANDAMAN AND NICOBAR ISLANDS,SOUTH ANDAMANS,2002,Whole Year,DRY CHILLIES,239.0,20.9
ANDAMAN AND NICOBAR ISLANDS,SOUTH ANDAMANS,2002,Whole Year,DRY GINGER,352.0,1145.0
ANDAMAN AND NICOBAR ISLANDS,SOUTH ANDAMANS,2002,Whole Year,OTHER OILSEEDS,85.1,40.31
ANDAMAN AND NICOBAR ISLANDS,SOUTH ANDAMANS,2002,Whole Year,SUGARCANE,455.0,13760.0
ANDAMAN AND NICOBAR ISLANDS,SOUTH ANDAMANS,2003,Kharif,RICE,10509.37,30760.7
ANDAMAN AND NICOBAR ISLANDS,SOUTH ANDAMANS,2003,Whole Year,ARECANUT,3118.0,5182.0
ANDAMAN AND NICOBAR ISLANDS,SOUTH ANDAMANS,2003,Whole Year,BANANA,1530.0,11558.0
ANDAMAN AND NICOBAR ISLANDS,SOUTH ANDAMANS,2003,Whole Year,BLACK PEPPER,497.0,104.37
ANDAMAN AND NICOBAR ISLANDS,SOUTH ANDAMANS,2003,Whole Year,CASHEWNUT,116.5,26.14
ANDAMAN AND NICOBAR ISLANDS,SOUTH ANDAMANS,2003,Whole Year,COCONUT,7110.0,26660000.0
ANDAMAN AND NICOBAR ISLANDS,SOUTH ANDAMANS,2003,Whole Year,DRY CHILLIES,340.0,578.0
ANDAMAN AND NICOBAR ISLANDS,SOUTH ANDAMANS,2003,Whole Year,DRY GINGER,406.0,1299.2
ANDAMAN AND NICOBAR ISLANDS,SOUTH ANDAMANS,2003,Whole Year,OTHER OILSEEDS,82.09,35.51
ANDAMAN AND NICOBAR ISLANDS,SOUTH ANDAMANS,2003,Whole Year,SUGARCANE,268.0,2879.52
ANDAMAN AND NICOBAR ISLANDS,SOUTH ANDAMANS,2004,Kharif,RICE,10681.98,29119.66
ANDAMAN AND NICOBAR ISLANDS,SOUTH ANDAMANS,2004,Whole Year,ARECANUT,3160.67,3975.2
ANDAMAN AND NICOBAR ISLANDS,SOUTH ANDAMANS,2004,Whole Year,BANANA,1912.1,17374.4
ANDAMAN AND NICOBAR ISLANDS,SOUTH ANDAMANS,2004,Whole Year,BLACK PEPPER,570.0,104.36
ANDAMAN AND NICOBAR ISLANDS,SOUTH ANDAMANS,2004,Whole Year,CASHEWNUT,116.5,25.1
ANDAMAN AND NICOBAR ISLANDS,SOUTH ANDAMANS,2004,Whole Year,COCONUT,7156.7,34750000.0
ANDAMAN AND NICOBAR ISLANDS,SOUTH ANDAMANS,2004,Whole Year,DRY CHILLIES,340.0,822.8
ANDAMAN AND NICOBAR ISLANDS,SOUTH ANDAMANS,2004,Whole Year,DRY GINGER,410.0,1462.0
ANDAMAN AND NICOBAR ISLANDS,SOUTH ANDAMANS,2004,Whole Year,OTHER OILSEEDS,89.3,46.5
ANDAMAN AND NICOBAR ISLANDS,SOUTH ANDAMANS,2004,Whole Year,SUGARCANE,145.26,1560.0
ANDAMAN AND NICOBAR ISLANDS,SOUTH ANDAMANS,2005,Kharif,RICE,8683.38,25870.98
ANDAMAN AND NICOBAR ISLANDS,SOUTH ANDAMANS,2005,Whole Year,ARECANUT,3250.78,3058.46
ANDAMAN AND NICOBAR ISLANDS,SOUTH ANDAMANS,2005,Whole Year,BANANA,1656.8,10251.13
ANDAMAN AND NICOBAR ISLANDS,SOUTH ANDAMANS,2005,Whole Year,BLACK PEPPER,656.45,35.95
ANDAMAN AND NICOBAR ISLANDS,SOUTH ANDAMANS,2005,Whole Year,CASHEWNUT,118.5,30.22
ANDAMAN AND NICOBAR ISLANDS,SOUTH ANDAMANS,2005,Whole Year,COCONUT,7050.45,26430000.0
ANDAMAN AND NICOBAR ISLANDS,SOUTH ANDAMANS,2005,Whole Year,DRY CHILLIES,370.7,877.6
ANDAMAN AND NICOBAR ISLANDS,SOUTH ANDAMANS,2005,Whole Year,DRY GINGER,200.0,1800.0
ANDAMAN AND NICOBAR ISLANDS,SOUTH ANDAMANS,2005,Whole Year,OTHER OILSEEDS,53.55,34.2
ANDAMAN AND NICOBAR ISLANDS,SOUTH ANDAMANS,2005,Whole Year,SUGARCANE,128.02,2448.2
ANDAMAN AND NICOBAR ISLANDS,SOUTH ANDAMANS,2005,Whole Year,SWEET POTATO,131.9,700.35
ANDAMAN AND NICOBAR ISLANDS,SOUTH ANDAMANS,2005,Whole Year,TAPIOCA,254.5,1480.0
ANDAMAN AND NICOBAR ISLANDS,SOUTH ANDAMANS,2005,Whole Year,TURMERIC,81.7,572.0
ANDAMAN AND NICOBAR ISLANDS,SOUTH ANDAMANS,2006,Kharif,RICE,921.87,2539.64
ANDAMAN AND NICOBAR ISLANDS,SOUTH ANDAMANS,2006,Whole Year,ARECANUT,2000.0,2350.0
ANDAMAN AND NICOBAR ISLANDS,SOUTH ANDAMANS,2006,Whole Year,BANANA,483.0,4150.0
ANDAMAN AND NICOBAR ISLANDS,SOUTH ANDAMANS,2006,Whole Year,BLACK PEPPER,413.1,20.18
ANDAMAN AND NICOBAR ISLANDS,SOUTH ANDAMANS,2006,Whole Year,CASHEWNUT,79.5,26.0
ANDAMAN AND NICOBAR ISLANDS,SOUTH ANDAMANS,2006,Whole Year,COCONUT,3483.09,14190000.0
ANDAMAN AND NICOBAR ISLANDS,SOUTH ANDAMANS,2006,Whole Year,DRY CHILLIES,124.6,34.7
ANDAMAN AND NICOBAR ISLANDS,SOUTH ANDAMANS,2006,Whole Year,DRY GINGER,100.9,900.0
ANDAMAN AND NICOBAR ISLANDS,SOUTH ANDAMANS,2006,Whole Year,OTHER OILSEEDS,24.0,14.98
ANDAMAN AND NICOBAR ISLANDS,SOUTH ANDAMANS,2006,Whole Year,SUGARCANE,53.5,999.5
ANDAMAN AND NICOBAR ISLANDS,SOUTH ANDAMANS,2006,Whole Year,SWEET POTATO,30.4,220.0
ANDAMAN AND NICOBAR ISLANDS,SOUTH ANDAMANS,2006,Whole Year,TAPIOCA,40.0,160.0
ANDAMAN AND NICOBAR ISLANDS,SOUTH ANDAMANS,2006,Whole Year,TURMERIC,10.0,60.0
ANDAMAN AND NICOBAR ISLANDS,SOUTH ANDAMANS,2010,Autumn,RICE,1595.5,3788.0
ANDAMAN AND NICOBAR ISLANDS,SOUTH ANDAMANS,2010,Autumn,SUGARCANE,67.5,402.0
ANDAMAN AND NICOBAR ISLANDS,SOUTH ANDAMANS,2010,Rabi,ARECANUT,1912.0,1900.0
ANDAMAN AND NICOBAR ISLANDS,SOUTH ANDAMANS,2010,Rabi,ARHAR/TUR,20.5,13.2
ANDAMAN AND NICOBAR ISLANDS,SOUTH ANDAMANS,2010,Rabi,BLACK PEPPER,409.0,98.0
ANDAMAN AND NICOBAR ISLANDS,SOUTH ANDAMANS,2010,Rabi,CASHEWNUT,15.0,10.5
ANDAMAN AND NICOBAR ISLANDS,SOUTH ANDAMANS,2010,Rabi,DRY CHILLIES,128.0,148.0
ANDAMAN AND NICOBAR ISLANDS,SOUTH ANDAMANS,2010,Rabi,DRY GINGER,94.0,828.52
ANDAMAN AND NICOBAR ISLANDS,SOUTH ANDAMANS,2010,Rabi,GROUNDNUT,15.5,7.6
ANDAMAN AND NICOBAR ISLANDS,SOUTH ANDAMANS,2010,Rabi,MAIZE,73.0,253.0
ANDAMAN AND NICOBAR ISLANDS,SOUTH ANDAMANS,2010,Rabi,MOONG(GREEN GRAM),29.9,17.85
ANDAMAN AND NICOBAR ISLANDS,SOUTH ANDAMANS,2010,Rabi,SUNFLOWER,1.0,0.5
ANDAMAN AND NICOBAR ISLANDS,SOUTH ANDAMANS,2010,Rabi,SWEET POTATO,32.0,235.0
ANDAMAN AND NICOBAR ISLANDS,SOUTH ANDAMANS,2010,Rabi,TURMERIC,10.0,105.0
ANDAMAN AND NICOBAR ISLANDS,SOUTH ANDAMANS,2010,Rabi,URAD,34.0,15.05
ANDAMAN AND NICOBAR ISLANDS,SOUTH ANDAMANS,2010,Whole Year,BANANA,360.0,5517.0
ANDAMAN AND NICOBAR ISLANDS,SOUTH ANDAMANS,2010,Whole Year,COCONUT,3540.0,11000000.0
ANDAMAN AND NICOBAR ISLANDS,SOUTH ANDAMANS,2010,Whole Year,TAPIOCA,22.5,220.0
ANDHRA PRADESH,ANANTAPUR,1997,Kharif,ARHAR/TUR,21400.0,2600.0
ANDHRA PRADESH,ANANTAPUR,1997,Kharif,BAJRA,1400.0,500.0
ANDHRA PRADESH,ANANTAPUR,1997,Kharif,CASTOR SEED,1000.0,100.0
ANDHRA PRADESH,ANANTAPUR,1997,Kharif,COTTON(LINT),7300.0,9400.0
ANDHRA PRADESH,ANANTAPUR,1997,Kharif,DRY CHILLIES,3700.0,7100.0
ANDHRA PRADESH,ANANTAPUR,1997,Kharif,GROUNDNUT,650800.0,228400.0
ANDHRA PRADESH,ANANTAPUR,1997,Kharif,HORSE-GRAM,3300.0,1000.0
ANDHRA PRADESH,ANANTAPUR,1997,Kharif,JOWAR,10100.0,10200.0
ANDHRA PRADESH,ANANTAPUR,1997,Kharif,KORRA,2200.0,700.0
ANDHRA PRADESH,ANANTAPUR,1997,Kharif,MAIZE,2800.0,4900.0
ANDHRA PRADESH,ANANTAPUR,1997,Kharif,MOONG(GREEN GRAM),1300.0,500.0
ANDHRA PRADESH,ANANTAPUR,1997,Kharif,OTHER KHARIF PULSES,800.0,100.0
ANDHRA PRADESH,ANANTAPUR,1997,Kharif,RAGI,6700.0,11800.0
ANDHRA PRADESH,ANANTAPUR,1997,Kharif,RICE,35600.0,75400.0
ANDHRA PRADESH,ANANTAPUR,1997,Kharif,SUGARCANE,700.0,72900.0
ANDHRA PRADESH,ANANTAPUR,1997,Kharif,SUNFLOWER,35900.0,11100.0
ANDHRA PRADESH,ANANTAPUR,1997,Kharif,TOBACCO,200.0,200.0
ANDHRA PRADESH,ANANTAPUR,1997,Rabi,DRY CHILLIES,100.0,100.0
ANDHRA PRADESH,ANANTAPUR,1997,Rabi,GRAM,28000.0,14800.0
ANDHRA PRADESH,ANANTAPUR,1997,Rabi,GROUNDNUT,20200.0,21700.0
ANDHRA PRADESH,ANANTAPUR,1997,Rabi,HORSE-GRAM,600.0,200.0
ANDHRA PRADESH,ANANTAPUR,1997,Rabi,JOWAR,18800.0,9400.0
ANDHRA PRADESH,ANANTAPUR,1997,Rabi,KORRA,100.0,100.0
ANDHRA PRADESH,ANANTAPUR,1997,Rabi,MAIZE,600.0,2400.0
ANDHRA PRADESH,ANANTAPUR,1997,Rabi,RAGI,600.0,1000.0
ANDHRA PRADESH,ANANTAPUR,1997,Rabi,RICE,18000.0,37300.0
ANDHRA PRADESH,ANANTAPUR,1997,Rabi,SUNFLOWER,30100.0,11100.0
ANDHRA PRADESH,ANANTAPUR,1997,Rabi,WHEAT,300.0,200.0
ANDHRA PRADESH,ANANTAPUR,1998,Kharif,ARHAR/TUR,27400.0,9100.0
ANDHRA PRADESH,ANANTAPUR,1998,Kharif,BAJRA,2600.0,1900.0
ANDHRA PRADESH,ANANTAPUR,1998,Kharif,CASTOR SEED,3200.0,1000.0
ANDHRA PRADESH,ANANTAPUR,1998,Kharif,COTTON(LINT),14000.0,12900.0
ANDHRA PRADESH,ANANTAPUR,1998,Kharif,DRY CHILLIES,4000.0,10000.0
ANDHRA PRADESH,ANANTAPUR,1998,Kharif,GROUNDNUT,755200.0,867800.0
ANDHRA PRADESH,ANANTAPUR,1998,Kharif,HORSE-GRAM,2300.0,900.0
ANDHRA PRADESH,ANANTAPUR,1998,Kharif,JOWAR,3700.0,5800.0
ANDHRA PRADESH,ANANTAPUR,1998,Kharif,KORRA,4600.0,3400.0
ANDHRA PRADESH,ANANTAPUR,1998,Kharif,MAIZE,3300.0,6700.0
ANDHRA PRADESH,ANANTAPUR,1998,Kharif,MOONG(GREEN GRAM),2100.0,1300.0
ANDHRA PRADESH,ANANTAPUR,1998,Kharif,OTHER KHARIF PULSES,2000.0,300.0
ANDHRA PRADESH,ANANTAPUR,1998,Kharif,RAGI,7000.0,14900.0
ANDHRA PRADESH,ANANTAPUR,1998,Kharif,RICE,38300.0,96800.0
ANDHRA PRADESH,ANANTAPUR,1998,Kharif,SUNFLOWER,21300.0,12200.0
ANDHRA PRADESH,ANANTAPUR,1998,Rabi,DRY CHILLIES,200.0,200.0
ANDHRA PRADESH,ANANTAPUR,1998,Rabi,GRAM,26200.0,25900.0
ANDHRA PRADESH,ANANTAPUR,1998,Rabi,GROUNDNUT,25900.0,35800.0
ANDHRA PRADESH,ANANTAPUR,1998,Rabi,HORSE-GRAM,700.0,500.0
ANDHRA PRADESH,ANANTAPUR,1998,Rabi,JOWAR,14800.0,22100.0
ANDHRA PRADESH,ANANTAPUR,1998,Rabi,MAIZE,300.0,1600.0
ANDHRA PRADESH,ANANTAPUR,1998,Rabi,RAGI,700.0,1200.0
ANDHRA PRADESH,ANANTAPUR,1998,Rabi,RICE,26600.0,63900.0
ANDHRA PRADESH,ANANTAPUR,1998,Rabi,SUNFLOWER,13500.0,3300.0
ANDHRA PRADESH,ANANTAPUR,1998,Rabi,WHEAT,400.0,200.0
ANDHRA PRADESH,ANANTAPUR,1998,Whole Year,SUGARCANE,700.0,65900.0
ANDHRA PRADESH,ANANTAPUR,1998,Whole Year,TOBACCO,100.0,100.0
ANDHRA PRADESH,ANANTAPUR,1999,Kharif,BAJRA,1635.0,889.0
ANDHRA PRADESH,ANANTAPUR,1999,Kharif,CASTOR SEED,1880.0,355.0
ANDHRA PRADESH,ANANTAPUR,1999,Kharif,COTTON(LINT),9453.0,10510.0
ANDHRA PRADESH,ANANTAPUR,1999,Kharif,GROUNDNUT,694865.0,249457.0
ANDHRA PRADESH,ANANTAPUR,1999,Kharif,HORSE-GRAM,1762.0,495.0
ANDHRA PRADESH,ANANTAPUR,1999,Kharif,JOWAR,11131.0,14582.0
ANDHRA PRADESH,ANANTAPUR,1999,Kharif,MAIZE,3358.0,9540.0
ANDHRA PRADESH,ANANTAPUR,1999,Kharif,MASOOR,23117.0,3861.0
ANDHRA PRADESH,ANANTAPUR,1999,Kharif,MOONG(GREEN GRAM),1546.0,1098.0
ANDHRA PRADESH,ANANTAPUR,1999,Kharif,RAGI,6215.0,11467.0
ANDHRA PRADESH,ANANTAPUR,1999,Kharif,RICE,37991.0,105082.0
ANDHRA PRADESH,ANANTAPUR,1999,Kharif,SESAMUM,8.0,2.0
ANDHRA PRADESH,ANANTAPUR,1999,Kharif,URAD,4.0,2.0
ANDHRA PRADESH,ANANTAPUR,1999,Rabi,BAJRA,99.0,54.0
ANDHRA PRADESH,ANANTAPUR,1999,Rabi,GRAM,26835.0,9365.0
ANDHRA PRADESH,ANANTAPUR,1999,Rabi,GROUNDNUT,21785.0,25358.0
ANDHRA PRADESH,ANANTAPUR,1999,Rabi,HORSE-GRAM,1071.0,327.0
ANDHRA PRADESH,ANANTAPUR,1999,Rabi,JOWAR,21487.0,30576.0
ANDHRA PRADESH,ANANTAPUR,1999,Rabi,LINSEED,12.0,1.0
ANDHRA PRADESH,ANANTAPUR,1999,Rabi,MAIZE,455.0,2203.0
ANDHRA PRADESH,ANANTAPUR,1999,Rabi,MASOOR,98.0,10.0
ANDHRA PRADESH,ANANTAPUR,1999,Rabi,MOONG(GREEN GRAM),1.0,1.0
ANDHRA PRADESH,ANANTAPUR,1999,Rabi,RAGI,734.0,1180.0
ANDHRA PRADESH,ANANTAPUR,1999,Rabi,RICE,20258.0,45669.0
ANDHRA PRADESH,ANANTAPUR,1999,Rabi,SAFFLOWER,881.0,145.0
ANDHRA PRADESH,ANANTAPUR,1999,Rabi,SESAMUM,10.0,2.0
ANDHRA PRADESH,ANANTAPUR,1999,Rabi,WHEAT,439.0,294.0
ANDHRA PRADESH,ANANTAPUR,1999,Whole Year,DRY CHILLIES,5199.0,5759.0
ANDHRA PRADESH,ANANTAPUR,1999,Whole Year,ONION,1770.0,32364.0
ANDHRA PRADESH,ANANTAPUR,1999,Whole Year,SUGARCANE,884.0,83126.0
ANDHRA PRADESH,ANANTAPUR,2000,Kharif,ARHAR/TUR,30693.0,7888.0
ANDHRA PRADESH,ANANTAPUR,2000,Kharif,BAJRA,2477.0,1449.0
ANDHRA PRADESH,ANANTAPUR,2000,Kharif,CASTOR SEED,9315.0,2831.0
ANDHRA PRADESH,ANANTAPUR,2000,Kharif,COTTON(LINT),12025.0,16128.0
ANDHRA PRADESH,ANANTAPUR,2000,Kharif,DRY CHILLIES,3755.0,10146.0
ANDHRA PRADESH,ANANTAPUR,2000,Kharif,GRAM,21.0,14.0
ANDHRA PRADESH,ANANTAPUR,2000,Kharif,GROUNDNUT,791559.0,884963.0
ANDHRA PRADESH,ANANTAPUR,2000,Kharif,HORSE-GRAM,601.0,215.0
ANDHRA PRADESH,ANANTAPUR,2000,Kharif,JOWAR,5071.0,14351.0
ANDHRA PRADESH,ANANTAPUR,2000,Kharif,KORRA,1626.0,1143.0
ANDHRA PRADESH,ANANTAPUR,2000,Kharif,MAIZE,3475.0,9049.0
ANDHRA PRADESH,ANANTAPUR,2000,Kharif,MOONG(GREEN GRAM),1744.0,774.0
ANDHRA PRADESH,ANANTAPUR,2000,Kharif,ONION,1103.0,15470.0
ANDHRA PRADESH,ANANTAPUR,2000,Kharif,OTHER KHARIF PULSES,3167.0,559.0
ANDHRA PRADESH,ANANTAPUR,2000,Kharif,OTHER MISC. PULSES,1292.0,214.0
ANDHRA PRADESH,ANANTAPUR,2000,Kharif,RAGI,6613.0,16923.0
ANDHRA PRADESH,ANANTAPUR,2000,Kharif,RICE,39905.0,117680.0
ANDHRA PRADESH,ANANTAPUR,2000,Kharif,SAMAI,21.0,5.0
ANDHRA PRADESH,ANANTAPUR,2000,Kharif,SESAMUM,5.0,1.0
ANDHRA PRADESH,ANANTAPUR,2000,Kharif,SMALL MILLETS,1647.0,1148.0
ANDHRA PRADESH,ANANTAPUR,2000,Kharif,SUNFLOWER,30606.0,24590.0
ANDHRA PRADESH,ANANTAPUR,2000,Kharif,URAD,135.0,8.0
ANDHRA PRADESH,ANANTAPUR,2000,Rabi,ARHAR/TUR,35.0,9.0
ANDHRA PRADESH,ANANTAPUR,2000,Rabi,BAJRA,317.0,185.0
ANDHRA PRADESH,ANANTAPUR,2000,Rabi,DRY CHILLIES,71.0,81.0
ANDHRA PRADESH,ANANTAPUR,2000,Rabi,GRAM,33858.0,22685.0
ANDHRA PRADESH,ANANTAPUR,2000,Rabi,GROUNDNUT,23048.0,23832.0
ANDHRA PRADESH,ANANTAPUR,2000,Rabi,HORSE-GRAM,377.0,80.0
ANDHRA PRADESH,ANANTAPUR,2000,Rabi,JOWAR,15242.0,16980.0
ANDHRA PRADESH,ANANTAPUR,2000,Rabi,KORRA,96.0,67.0
ANDHRA PRADESH,ANANTAPUR,2000,Rabi,LINSEED,8.0,2.0
ANDHRA PRADESH,ANANTAPUR,2000,Rabi,MAIZE,399.0,2148.0
ANDHRA PRADESH,ANANTAPUR,2000,Rabi,ONION,482.0,11514.0
ANDHRA PRADESH,ANANTAPUR,2000,Rabi,RAGI,909.0,1312.0
ANDHRA PRADESH,ANANTAPUR,2000,Rabi,RICE,22099.0,57236.0
ANDHRA PRADESH,ANANTAPUR,2000,Rabi,SAFFLOWER,703.0,129.0
ANDHRA PRADESH,ANANTAPUR,2000,Rabi,SMALL MILLETS,96.0,67.0
ANDHRA PRADESH,ANANTAPUR,2000,Rabi,URAD,363.0,292.0
ANDHRA PRADESH,ANANTAPUR,2000,Rabi,WHEAT,520.0,297.0
ANDHRA PRADESH,ANANTAPUR,2000,Whole Year,ARECANUT,252.0,696.0
ANDHRA PRADESH,ANANTAPUR,2000,Whole Year,BANANA,769.0,11693.0
ANDHRA PRADESH,ANANTAPUR,2000,Whole Year,COCONUT,908.0,3896970.0
ANDHRA PRADESH,ANANTAPUR,2000,Whole Year,CORIANDER,8953.0,2266.0
ANDHRA PRADESH,ANANTAPUR,2000,Whole Year,POTATO,4.0,34.0
ANDHRA PRADESH,ANANTAPUR,2000,Whole Year,SUGARCANE,284.0,25395.0
ANDHRA PRADESH,ANANTAPUR,2000,Whole Year,SWEET POTATO,28.0,379.0
ANDHRA PRADESH,ANANTAPUR,2000,Whole Year,TOBACCO,89.0,114.0
ANDHRA PRADESH,ANANTAPUR,2000,Whole Year,TURMERIC,39.0,272.0
ANDHRA PRADESH,ANANTAPUR,2001,Kharif,ARHAR/TUR,27942.0,7628.0
ANDHRA PRADESH,ANANTAPUR,2001,Kharif,BAJRA,1595.0,526.0
ANDHRA PRADESH,ANANTAPUR,2001,Kharif,CASTOR SEED,3191.0,900.0
ANDHRA PRADESH,ANANTAPUR,2001,Kharif,COTTON(LINT),8552.0,9055.0
ANDHRA PRADESH,ANANTAPUR,2001,Kharif,DRY CHILLIES,3765.0,7127.0
ANDHRA PRADESH,ANANTAPUR,2001,Kharif,GRAM,16.0,17.0
ANDHRA PRADESH,ANANTAPUR,2001,Kharif,GROUNDNUT,758700.0,333828.0
ANDHRA PRADESH,ANANTAPUR,2001,Kharif,HORSE-GRAM,649.0,60.0
ANDHRA PRADESH,ANANTAPUR,2001,Kharif,JOWAR,3900.0,6720.0
ANDHRA PRADESH,ANANTAPUR,2001,Kharif,KORRA,1434.0,627.0
ANDHRA PRADESH,ANANTAPUR,2001,Kharif,MAIZE,2667.0,7129.0
ANDHRA PRADESH,ANANTAPUR,2001,Kharif,MOONG(GREEN GRAM),1511.0,730.0
ANDHRA PRADESH,ANANTAPUR,2001,Kharif,ONION,1165.0,19232.0
ANDHRA PRADESH,ANANTAPUR,2001,Kharif,OTHER KHARIF PULSES,2496.0,324.0
ANDHRA PRADESH,ANANTAPUR,2001,Kharif,RAGI,5124.0,12405.0
ANDHRA PRADESH,ANANTAPUR,2001,Kharif,RICE,32878.0,95609.0
ANDHRA PRADESH,ANANTAPUR,2001,Kharif,SMALL MILLETS,1434.0,627.0
ANDHRA PRADESH,ANANTAPUR,2001,Kharif,SUNFLOWER,51610.0,33580.0
ANDHRA PRADESH,ANANTAPUR,2001,Kharif,URAD,487.0,176.0
ANDHRA PRADESH,ANANTAPUR,2001,Rabi,ARHAR/TUR,5.0,1.0
ANDHRA PRADESH,ANANTAPUR,2001,Rabi,BAJRA,27.0,9.0
ANDHRA PRADESH,ANANTAPUR,2001,Rabi,DRY CHILLIES,108.0,168.0
ANDHRA PRADESH,ANANTAPUR,2001,Rabi,GRAM,47894.0,50145.0
ANDHRA PRADESH,ANANTAPUR,2001,Rabi,GROUNDNUT,18773.0,29192.0
ANDHRA PRADESH,ANANTAPUR,2001,Rabi,HORSE-GRAM,417.0,226.0
ANDHRA PRADESH,ANANTAPUR,2001,Rabi,JOWAR,15170.0,17446.0
ANDHRA PRADESH,ANANTAPUR,2001,Rabi,LINSEED,5.0,1.0
ANDHRA PRADESH,ANANTAPUR,2001,Rabi,MAIZE,447.0,2893.0
ANDHRA PRADESH,ANANTAPUR,2001,Rabi,MOONG(GREEN GRAM),40.0,12.0
ANDHRA PRADESH,ANANTAPUR,2001,Rabi,ONION,380.0,8465.0
ANDHRA PRADESH,ANANTAPUR,2001,Rabi,OTHER  RABI PULSES,1.0,1.0
ANDHRA PRADESH,ANANTAPUR,2001,Rabi,RAGI,544.0,725.0
ANDHRA PRADESH,ANANTAPUR,2001,Rabi,RICE,38119.0,108906.0
ANDHRA PRADESH,ANANTAPUR,2001,Rabi,SAFFLOWER,3768.0,528.0
ANDHRA PRADESH,ANANTAPUR,2001,Rabi,SESAMUM,2.0,1.0
ANDHRA PRADESH,ANANTAPUR,2001,Rabi,URAD,127.0,86.0
ANDHRA PRADESH,ANANTAPUR,2001,Rabi,WHEAT,307.0,213.0
ANDHRA PRADESH,ANANTAPUR,2001,Whole Year,ARECANUT,257.0,430.0
ANDHRA PRADESH,ANANTAPUR,2001,Whole Year,BANANA,1582.0,462.0
ANDHRA PRADESH,ANANTAPUR,2001,Whole Year,COCONUT,851.0,3053700.0
ANDHRA PRADESH,ANANTAPUR,2001,Whole Year,CORIANDER,4741.0,1119.0
ANDHRA PRADESH,ANANTAPUR,2001,Whole Year,SUGARCANE,490.0,42470.0
ANDHRA PRADESH,ANANTAPUR,2001,Whole Year,SWEET POTATO,31.0,411.0
ANDHRA PRADESH,ANANTAPUR,2001,Whole Year,TOBACCO,111.0,111.0
ANDHRA PRADESH,ANANTAPUR,2001,Whole Year,TURMERIC,8.0,40.0
ANDHRA PRADESH,ANANTAPUR,2002,Kharif,ARHAR/TUR,33454.0,6557.0
ANDHRA PRADESH,ANANTAPUR,2002,Kharif,BAJRA,1925.0,581.0
ANDHRA PRADESH,ANANTAPUR,2002,Kharif,CASTOR SEED,2050.0,416.0
ANDHRA PRADESH,ANANTAPUR,2002,Kharif,COTTON(LINT),7638.0,7144.0
ANDHRA PRADESH,ANANTAPUR,2002,Kharif,DRY CHILLIES,2737.0,6128.0
ANDHRA PRADESH,ANANTAPUR,2002,Kharif,GROUNDNUT,732262.0,259953.0
ANDHRA PRADESH,ANANTAPUR,2002,Kharif,HORSE-GRAM,947.0,140.0
ANDHRA PRADESH,ANANTAPUR,2002,Kharif,JOWAR,2906.0,4545.0
ANDHRA PRADESH,ANANTAPUR,2002,Kharif,KORRA,1000.0,100.0
ANDHRA PRADESH,ANANTAPUR,2002,Kharif,MAIZE,3541.0,3431.0
ANDHRA PRADESH,ANANTAPUR,2002,Kharif,MOONG(GREEN GRAM),1150.0,174.0
ANDHRA PRADESH,ANANTAPUR,2002,Kharif,ONION,776.0,8432.0
ANDHRA PRADESH,ANANTAPUR,2002,Kharif,OTHER KHARIF PULSES,490.0,47.0
ANDHRA PRADESH,ANANTAPUR,2002,Kharif,RAGI,5157.0,12140.0
ANDHRA PRADESH,ANANTAPUR,2002,Kharif,RICE,29066.0,66329.0
ANDHRA PRADESH,ANANTAPUR,2002,Kharif,SMALL MILLETS,919.0,180.0
ANDHRA PRADESH,ANANTAPUR,2002,Kharif,SOYABEAN,51.0,0.0
ANDHRA PRADESH,ANANTAPUR,2002,Kharif,SUNFLOWER,60319.0,22149.0
ANDHRA PRADESH,ANANTAPUR,2002,Kharif,URAD,32.0,2.0
ANDHRA PRADESH,ANANTAPUR,2002,Rabi,BAJRA,129.0,39.0
ANDHRA PRADESH,ANANTAPUR,2002,Rabi,DRY CHILLIES,83.0,161.0
ANDHRA PRADESH,ANANTAPUR,2002,Rabi,GRAM,54264.0,20186.0
ANDHRA PRADESH,ANANTAPUR,2002,Rabi,GROUNDNUT,17529.0,18651.0
ANDHRA PRADESH,ANANTAPUR,2002,Rabi,HORSE-GRAM,1859.0,688.0
ANDHRA PRADESH,ANANTAPUR,2002,Rabi,JOWAR,12676.0,11497.0
ANDHRA PRADESH,ANANTAPUR,2002,Rabi,LINSEED,8.0,2.0
ANDHRA PRADESH,ANANTAPUR,2002,Rabi,MAIZE,1288.0,8933.0
ANDHRA PRADESH,ANANTAPUR,2002,Rabi,MOONG(GREEN GRAM),4.0,1.0
ANDHRA PRADESH,ANANTAPUR,2002,Rabi,ONION,401.0,7192.0
ANDHRA PRADESH,ANANTAPUR,2002,Rabi,RAGI,417.0,517.0
ANDHRA PRADESH,ANANTAPUR,2002,Rabi,RICE,10960.0,20462.0
ANDHRA PRADESH,ANANTAPUR,2002,Rabi,SAFFLOWER,2594.0,340.0
ANDHRA PRADESH,ANANTAPUR,2002,Rabi,SMALL MILLETS,10.0,2.0
ANDHRA PRADESH,ANANTAPUR,2002,Rabi,URAD,408.0,236.0
ANDHRA PRADESH,ANANTAPUR,2002,Rabi,WHEAT,362.0,333.0
ANDHRA PRADESH,ANANTAPUR,2002,Whole Year,ARECANUT,263.0,379.0
ANDHRA PRADESH,ANANTAPUR,2002,Whole Year,BANANA,19.0,1006.0
ANDHRA PRADESH,ANANTAPUR,2002,Whole Year,BEANS & MUTTER(VEGETABLE),1.0,5.0
ANDHRA PRADESH,ANANTAPUR,2002,Whole Year,BHINDI,126.0,938.0
ANDHRA PRADESH,ANANTAPUR,2002,Whole Year,BRINJAL,1026.0,10162.0
ANDHRA PRADESH,ANANTAPUR,2002,Whole Year,CITRUS FRUIT,788.0,4000.0
ANDHRA PRADESH,ANANTAPUR,2002,Whole Year,COCONUT,869.0,3691149.0
ANDHRA PRADESH,ANANTAPUR,2002,Whole Year,CORIANDER,3914.0,481.0
ANDHRA PRADESH,ANANTAPUR,2002,Whole Year,CUCUMBER,18.0,0.0
ANDHRA PRADESH,ANANTAPUR,2002,Whole Year,GRAPES,111.0,2075.0
ANDHRA PRADESH,ANANTAPUR,2002,Whole Year,MANGO,3968.0,26176.0
ANDHRA PRADESH,ANANTAPUR,2002,Whole Year,ORANGE,13767.0,112541.0
ANDHRA PRADESH,ANANTAPUR,2002,Whole Year,OTHER FIBRES,132.0,0.0
ANDHRA PRADESH,ANANTAPUR,2002,Whole Year,OTHER FRESH FRUITS,2418.0,1552.0
ANDHRA PRADESH,ANANTAPUR,2002,Whole Year,OTHER VEGETABLES,1767.0,0.0
ANDHRA PRADESH,ANANTAPUR,2002,Whole Year,PAPAYA,1544.0,201409.0
ANDHRA PRADESH,ANANTAPUR,2002,Whole Year,POME FRUIT,1207.0,62789.0
ANDHRA PRADESH,ANANTAPUR,2002,Whole Year,POTATO,2.0,17.0
ANDHRA PRADESH,ANANTAPUR,2002,Whole Year,SUGARCANE,329.0,22481.0
ANDHRA PRADESH,ANANTAPUR,2002,Whole Year,SWEET POTATO,50.0,540.0
ANDHRA PRADESH,ANANTAPUR,2002,Whole Year,TOBACCO,51.0,90.0
ANDHRA PRADESH,ANANTAPUR,2002,Whole Year,TOMATO,3356.0,16627.0
ANDHRA PRADESH,ANANTAPUR,2003,Kharif,ARHAR/TUR,41178.0,6959.0
ANDHRA PRADESH,ANANTAPUR,2003,Kharif,BAJRA,2280.0,378.0
ANDHRA PRADESH,ANANTAPUR,2003,Kharif,CASTOR SEED,1927.0,805.0
ANDHRA PRADESH,ANANTAPUR,2003,Kharif,COTTON(LINT),4212.0,4262.0
ANDHRA PRADESH,ANANTAPUR,2003,Kharif,DRY CHILLIES,2920.0,10702.0
ANDHRA PRADESH,ANANTAPUR,2003,Kharif,GROUNDNUT,670935.0,187862.0
ANDHRA PRADESH,ANANTAPUR,2003,Kharif,HORSE-GRAM,492.0,54.0
ANDHRA PRADESH,ANANTAPUR,2003,Kharif,JOWAR,12487.0,30830.0
ANDHRA PRADESH,ANANTAPUR,2003,Kharif,KORRA,1245.0,229.0
ANDHRA PRADESH,ANANTAPUR,2003,Kharif,MAIZE,6246.0,10718.0
ANDHRA PRADESH,ANANTAPUR,2003,Kharif,MOONG(GREEN GRAM),1216.0,662.0
ANDHRA PRADESH,ANANTAPUR,2003,Kharif,ONION,846.0,13250.0
ANDHRA PRADESH,ANANTAPUR,2003,Kharif,OTHER KHARIF PULSES,340.0,15.0
ANDHRA PRADESH,ANANTAPUR,2003,Kharif,RAGI,3353.0,3547.0
ANDHRA PRADESH,ANANTAPUR,2003,Kharif,RICE,17515.0,44891.0
ANDHRA PRADESH,ANANTAPUR,2003,Kharif,SAMAI,245.0,83.0
ANDHRA PRADESH,ANANTAPUR,2003,Kharif,SMALL MILLETS,1420.0,299.0
ANDHRA PRADESH,ANANTAPUR,2003,Kharif,SOYABEAN,16.0,18.0
ANDHRA PRADESH,ANANTAPUR,2003,Kharif,SUNFLOWER,74525.0,29572.0
ANDHRA PRADESH,ANANTAPUR,2003,Kharif,URAD,82.0,51.0
ANDHRA PRADESH,ANANTAPUR,2003,Rabi,BAJRA,113.0,19.0
ANDHRA PRADESH,ANANTAPUR,2003,Rabi,DRY CHILLIES,91.0,190.0
ANDHRA PRADESH,ANANTAPUR,2003,Rabi,GRAM,51461.0,15438.0
ANDHRA PRADESH,ANANTAPUR,2003,Rabi,GROUNDNUT,15060.0,19819.0
ANDHRA PRADESH,ANANTAPUR,2003,Rabi,HORSE-GRAM,1560.0,844.0
ANDHRA PRADESH,ANANTAPUR,2003,Rabi,JOWAR,21391.0,19444.0
ANDHRA PRADESH,ANANTAPUR,2003,Rabi,LINSEED,7.0,2.0
ANDHRA PRADESH,ANANTAPUR,2003,Rabi,MAIZE,1212.0,6787.0
ANDHRA PRADESH,ANANTAPUR,2003,Rabi,MOONG(GREEN GRAM),22.0,7.0
ANDHRA PRADESH,ANANTAPUR,2003,Rabi,ONION,535.0,11180.0
ANDHRA PRADESH,ANANTAPUR,2003,Rabi,OTHER  RABI PULSES,17.0,3.0
ANDHRA PRADESH,ANANTAPUR,2003,Rabi,RAGI,614.0,986.0
ANDHRA PRADESH,ANANTAPUR,2003,Rabi,RICE,10826.0,25463.0
ANDHRA PRADESH,ANANTAPUR,2003,Rabi,SAFFLOWER,307.0,11.0
ANDHRA PRADESH,ANANTAPUR,2003,Rabi,SMALL MILLETS,70.0,13.0
ANDHRA PRADESH,ANANTAPUR,2003,Rabi,WHEAT,414.0,123.0
ANDHRA PRADESH,ANANTAPUR,2003,Whole Year,ARECANUT,266.0,189.0
ANDHRA PRADESH,ANANTAPUR,2003,Whole Year,BANANA,36.0,1302.0
ANDHRA PRADESH,ANANTAPUR,2003,Whole Year,BHINDI,101.0,873.0
ANDHRA PRADESH,ANANTAPUR,2003,Whole Year,BRINJAL,1129.0,19414.0
ANDHRA PRADESH,ANANTAPUR,2003,Whole Year,CITRUS FRUIT,706.0,11959.0
ANDHRA PRADESH,ANANTAPUR,2003,Whole Year,COCONUT,839.0,3285828.0
ANDHRA PRADESH,ANANTAPUR,2003,Whole Year,CORIANDER,5646.0,610.0
ANDHRA PRADESH,ANANTAPUR,2003,Whole Year,CUCUMBER,51.0,0.0
ANDHRA PRADESH,ANANTAPUR,2003,Whole Year,GRAPES,118.0,2048.0
ANDHRA PRADESH,ANANTAPUR,2003,Whole Year,MANGO,3935.0,58337.0
ANDHRA PRADESH,ANANTAPUR,2003,Whole Year,ORANGE,13441.0,224640.0
ANDHRA PRADESH,ANANTAPUR,2003,Whole Year,OTHER FRESH FRUITS,3241.0,3586.0
ANDHRA PRADESH,ANANTAPUR,2003,Whole Year,OTHER VEGETABLES,1783.0,0.0
ANDHRA PRADESH,ANANTAPUR,2003,Whole Year,PAPAYA,1381.0,60038.0
ANDHRA PRADESH,ANANTAPUR,2003,Whole Year,POME FRUIT,1466.0,83767.0
ANDHRA PRADESH,ANANTAPUR,2003,Whole Year,SUGARCANE,454.0,32386.0
ANDHRA PRADESH,ANANTAPUR,2003,Whole Year,SWEET POTATO,30.0,217.0
ANDHRA PRADESH,ANANTAPUR,2003,Whole Year,TOBACCO,20.0,25.0
ANDHRA PRADESH,ANANTAPUR,2003,Whole Year,TOMATO,2827.0,17509.0
ANDHRA PRADESH,ANANTAPUR,2004,Kharif,ARHAR/TUR,32752.0,7893.0
ANDHRA PRADESH,ANANTAPUR,2004,Kharif,BAJRA,1021.0,403.0
ANDHRA PRADESH,ANANTAPUR,2004,Kharif,CASTOR SEED,1578.0,923.0
ANDHRA PRADESH,ANANTAPUR,2004,Kharif,COTTON(LINT),8933.0,7041.0
ANDHRA PRADESH,ANANTAPUR,2004,Kharif,DRY CHILLIES,3402.0,11288.0
ANDHRA PRADESH,ANANTAPUR,2004,Kharif,GROUNDNUT,857823.0,684543.0
ANDHRA PRADESH,ANANTAPUR,2004,Kharif,HORSE-GRAM,421.0,121.0
ANDHRA PRADESH,ANANTAPUR,2004,Kharif,JOWAR,4300.0,5693.0
ANDHRA PRADESH,ANANTAPUR,2004,Kharif,MAIZE,3495.0,10031.0
ANDHRA PRADESH,ANANTAPUR,2004,Kharif,MOONG(GREEN GRAM),1464.0,545.0
ANDHRA PRADESH,ANANTAPUR,2004,Kharif,ONION,1324.0,24824.0
ANDHRA PRADESH,ANANTAPUR,2004,Kharif,OTHER KHARIF PULSES,1605.0,172.0
ANDHRA PRADESH,ANANTAPUR,2004,Kharif,RAGI,3166.0,5860.0
ANDHRA PRADESH,ANANTAPUR,2004,Kharif,RICE,24335.0,85051.0
ANDHRA PRADESH,ANANTAPUR,2004,Kharif,SMALL MILLETS,661.0,307.0
ANDHRA PRADESH,ANANTAPUR,2004,Kharif,SOYABEAN,1131.0,691.0
ANDHRA PRADESH,ANANTAPUR,2004,Kharif,SUNFLOWER,56819.0,34209.0
ANDHRA PRADESH,ANANTAPUR,2004,Kharif,URAD,76.0,37.0
ANDHRA PRADESH,ANANTAPUR,2004,Rabi,BAJRA,62.0,24.0
ANDHRA PRADESH,ANANTAPUR,2004,Rabi,DRY CHILLIES,155.0,754.0
ANDHRA PRADESH,ANANTAPUR,2004,Rabi,GRAM,42106.0,9516.0
ANDHRA PRADESH,ANANTAPUR,2004,Rabi,GROUNDNUT,14500.0,21736.0
ANDHRA PRADESH,ANANTAPUR,2004,Rabi,HORSE-GRAM,226.0,30.0
ANDHRA PRADESH,ANANTAPUR,2004,Rabi,JOWAR,11871.0,14269.0
ANDHRA PRADESH,ANANTAPUR,2004,Rabi,LINSEED,34.0,4.0
ANDHRA PRADESH,ANANTAPUR,2004,Rabi,MAIZE,3572.0,25822.0
ANDHRA PRADESH,ANANTAPUR,2004,Rabi,MOONG(GREEN GRAM),3.0,1.0
ANDHRA PRADESH,ANANTAPUR,2004,Rabi,ONION,234.0,4830.0
ANDHRA PRADESH,ANANTAPUR,2004,Rabi,RAGI,397.0,897.0
ANDHRA PRADESH,ANANTAPUR,2004,Rabi,RICE,9240.0,21622.0
ANDHRA PRADESH,ANANTAPUR,2004,Rabi,SAFFLOWER,186.0,10.0
ANDHRA PRADESH,ANANTAPUR,2004,Rabi,SMALL MILLETS,36.0,17.0
ANDHRA PRADESH,ANANTAPUR,2004,Rabi,SUNFLOWER,27228.0,9530.0
ANDHRA PRADESH,ANANTAPUR,2004,Rabi,WHEAT,393.0,88.0
ANDHRA PRADESH,ANANTAPUR,2004,Whole Year,BANANA,324.0,16897.0
ANDHRA PRADESH,ANANTAPUR,2004,Whole Year,COCONUT,837.0,6413350.0
ANDHRA PRADESH,ANANTAPUR,2004,Whole Year,CORIANDER,2439.0,290.0
ANDHRA PRADESH,ANANTAPUR,2004,Whole Year,POTATO,2.0,20.0
ANDHRA PRADESH,ANANTAPUR,2004,Whole Year,SUGARCANE,400.0,34072.0
ANDHRA PRADESH,ANANTAPUR,2004,Whole Year,SWEET POTATO,33.0,68.0
ANDHRA PRADESH,ANANTAPUR,2004,Whole Year,TOBACCO,49.0,53.0
ANDHRA PRADESH,ANANTAPUR,2004,Whole Year,TURMERIC,4.0,36.0
ANDHRA PRADESH,ANANTAPUR,2005,Kharif,ARHAR/TUR,35013.0,23704.0
ANDHRA PRADESH,ANANTAPUR,2005,Kharif,BAJRA,993.0,1888.0
ANDHRA PRADESH,ANANTAPUR,2005,Kharif,CASTOR SEED,2081.0,1521.0
ANDHRA PRADESH,ANANTAPUR,2005,Kharif,COTTON(LINT),3295.0,3450.0
ANDHRA PRADESH,ANANTAPUR,2005,Kharif,DRY CHILLIES,2178.0,6175.0
ANDHRA PRADESH,ANANTAPUR,2005,Kharif,GROUNDNUT,877029.0,362213.0
ANDHRA PRADESH,ANANTAPUR,2005,Kharif,HORSE-GRAM,410.0,107.0
ANDHRA PRADESH,ANANTAPUR,2005,Kharif,JOWAR,3759.0,3879.0
ANDHRA PRADESH,ANANTAPUR,2005,Kharif,MAIZE,5958.0,21538.0
ANDHRA PRADESH,ANANTAPUR,2005,Kharif,MOONG(GREEN GRAM),1078.0,747.0
ANDHRA PRADESH,ANANTAPUR,2005,Kharif,ONION,985.0,17025.0
ANDHRA PRADESH,ANANTAPUR,2005,Kharif,OTHER KHARIF PULSES,1429.0,301.0
ANDHRA PRADESH,ANANTAPUR,2005,Kharif,RAGI,2303.0,4394.0
ANDHRA PRADESH,ANANTAPUR,2005,Kharif,RICE,25008.0,69972.0
ANDHRA PRADESH,ANANTAPUR,2005,Kharif,SMALL MILLETS,854.0,455.0
ANDHRA PRADESH,ANANTAPUR,2005,Kharif,SOYABEAN,421.0,232.0
ANDHRA PRADESH,ANANTAPUR,2005,Kharif,URAD,69.0,24.0
ANDHRA PRADESH,ANANTAPUR,2005,Rabi,BAJRA,66.0,125.0
ANDHRA PRADESH,ANANTAPUR,2005,Rabi,DRY CHILLIES,58.0,214.0
ANDHRA PRADESH,ANANTAPUR,2005,Rabi,GRAM,49105.0,48172.0
ANDHRA PRADESH,ANANTAPUR,2005,Rabi,GROUNDNUT,22006.0,29752.0
ANDHRA PRADESH,ANANTAPUR,2005,Rabi,HORSE-GRAM,205.0,77.0
ANDHRA PRADESH,ANANTAPUR,2005,Rabi,JOWAR,12931.0,9970.0
ANDHRA PRADESH,ANANTAPUR,2005,Rabi,LINSEED,29.0,11.0
ANDHRA PRADESH,ANANTAPUR,2005,Rabi,MAIZE,1435.0,10721.0
ANDHRA PRADESH,ANANTAPUR,2005,Rabi,MOONG(GREEN GRAM),16.0,5.0
ANDHRA PRADESH,ANANTAPUR,2005,Rabi,ONION,381.0,9063.0
ANDHRA PRADESH,ANANTAPUR,2005,Rabi,RAGI,472.0,752.0
ANDHRA PRADESH,ANANTAPUR,2005,Rabi,RICE,23142.0,55587.0
ANDHRA PRADESH,ANANTAPUR,2005,Rabi,SAFFLOWER,162.0,33.0
ANDHRA PRADESH,ANANTAPUR,2005,Rabi,URAD,11.0,7.0
ANDHRA PRADESH,ANANTAPUR,2005,Rabi,WHEAT,297.0,175.0
ANDHRA PRADESH,ANANTAPUR,2005,Whole Year,ARECANUT,268.0,214.0
ANDHRA PRADESH,ANANTAPUR,2005,Whole Year,BANANA,303.0,16231.0
ANDHRA PRADESH,ANANTAPUR,2005,Whole Year,COCONUT,836.0,3358992.0
ANDHRA PRADESH,ANANTAPUR,2005,Whole Year,CORIANDER,2962.0,900.0
ANDHRA PRADESH,ANANTAPUR,2005,Whole Year,SUGARCANE,227.0,20612.0
ANDHRA PRADESH,ANANTAPUR,2005,Whole Year,SUNFLOWER,48677.0,8401.0
ANDHRA PRADESH,ANANTAPUR,2005,Whole Year,SWEET POTATO,23.0,121.0
ANDHRA PRADESH,ANANTAPUR,2005,Whole Year,TOBACCO,1.0,1.0
ANDHRA PRADESH,ANANTAPUR,2005,Whole Year,TURMERIC,2.0,15.0
ANDHRA PRADESH,ANANTAPUR,2006,Kharif,ARHAR/TUR,26244.0,3543.0
ANDHRA PRADESH,ANANTAPUR,2006,Kharif,BAJRA,620.0,189.0
ANDHRA PRADESH,ANANTAPUR,2006,Kharif,CASTOR SEED,899.0,451.0
ANDHRA PRADESH,ANANTAPUR,2006,Kharif,COTTON(LINT),1506.0,1940.0
ANDHRA PRADESH,ANANTAPUR,2006,Kharif,DRY CHILLIES,1754.0,5658.0
ANDHRA PRADESH,ANANTAPUR,2006,Kharif,GROUNDNUT,644007.0,43148.0
ANDHRA PRADESH,ANANTAPUR,2006,Kharif,HORSE-GRAM,1021.0,182.0
ANDHRA PRADESH,ANANTAPUR,2006,Kharif,JOWAR,18043.0,7813.0
ANDHRA PRADESH,ANANTAPUR,2006,Kharif,MAIZE,4877.0,20181.0
ANDHRA PRADESH,ANANTAPUR,2006,Kharif,MOONG(GREEN GRAM),788.0,98.0
ANDHRA PRADESH,ANANTAPUR,2006,Kharif,ONION,869.0,9423.0
ANDHRA PRADESH,ANANTAPUR,2006,Kharif,OTHER KHARIF PULSES,742.0,135.0
ANDHRA PRADESH,ANANTAPUR,2006,Kharif,RAGI,2035.0,3696.0
ANDHRA PRADESH,ANANTAPUR,2006,Kharif,RICE,22349.0,67427.0
ANDHRA PRADESH,ANANTAPUR,2006,Kharif,SMALL MILLETS,450.0,48.0
ANDHRA PRADESH,ANANTAPUR,2006,Kharif,URAD,69.0,26.0
ANDHRA PRADESH,ANANTAPUR,2006,Rabi,BAJRA,141.0,43.0
ANDHRA PRADESH,ANANTAPUR,2006,Rabi,DRY CHILLIES,10.0,37.0
ANDHRA PRADESH,ANANTAPUR,2006,Rabi,GRAM,83533.0,30739.0
ANDHRA PRADESH,ANANTAPUR,2006,Rabi,GROUNDNUT,18104.0,18991.0
ANDHRA PRADESH,ANANTAPUR,2006,Rabi,HORSE-GRAM,1779.0,882.0
ANDHRA PRADESH,ANANTAPUR,2006,Rabi,JOWAR,24944.0,15440.0
ANDHRA PRADESH,ANANTAPUR,2006,Rabi,LINSEED,15.0,4.0
ANDHRA PRADESH,ANANTAPUR,2006,Rabi,MAIZE,3120.0,23640.0
ANDHRA PRADESH,ANANTAPUR,2006,Rabi,MOONG(GREEN GRAM),139.0,52.0
ANDHRA PRADESH,ANANTAPUR,2006,Rabi,ONION,167.0,4075.0
ANDHRA PRADESH,ANANTAPUR,2006,Rabi,RAGI,386.0,532.0
ANDHRA PRADESH,ANANTAPUR,2006,Rabi,RICE,10846.0,31974.0
ANDHRA PRADESH,ANANTAPUR,2006,Rabi,SAFFLOWER,72.0,28.0
ANDHRA PRADESH,ANANTAPUR,2006,Rabi,URAD,24.0,19.0
ANDHRA PRADESH,ANANTAPUR,2006,Rabi,WHEAT,190.0,50.0
ANDHRA PRADESH,ANANTAPUR,2006,Whole Year,ARECANUT,217.0,150.0
ANDHRA PRADESH,ANANTAPUR,2006,Whole Year,BANANA,289.0,14141.0
ANDHRA PRADESH,ANANTAPUR,2006,Whole Year,COCONUT,790.0,6404076.0
ANDHRA PRADESH,ANANTAPUR,2006,Whole Year,CORIANDER,1389.0,385.0
ANDHRA PRADESH,ANANTAPUR,2006,Whole Year,SUGARCANE,339.0,30937.0
ANDHRA PRADESH,ANANTAPUR,2006,Whole Year,SUNFLOWER,60751.0,23561.0
ANDHRA PRADESH,ANANTAPUR,2006,Whole Year,SWEET POTATO,25.0,137.0
ANDHRA PRADESH,ANANTAPUR,2006,Whole Year,TURMERIC,1.0,8.0
ANDHRA PRADESH,ANANTAPUR,2007,Kharif,ARHAR/TUR,37000.0,17000.0
ANDHRA PRADESH,ANANTAPUR,2007,Kharif,BAJRA,1000.0,3000.0
ANDHRA PRADESH,ANANTAPUR,2007,Kharif,CASTOR SEED,2000.0,1000.0
ANDHRA PRADESH,ANANTAPUR,2007,Kharif,COTTON(LINT),3000.0,2000.0
ANDHRA PRADESH,ANANTAPUR,2007,Kharif,DRY CHILLIES,2000.0,9000.0
ANDHRA PRADESH,ANANTAPUR,2007,Kharif,GROUNDNUT,876000.0,1102000.0
ANDHRA PRADESH,ANANTAPUR,2007,Kharif,JOWAR,4000.0,3000.0
ANDHRA PRADESH,ANANTAPUR,2007,Kharif,MAIZE,7000.0,32000.0
ANDHRA PRADESH,ANANTAPUR,2007,Kharif,MOONG(GREEN GRAM),1000.0,
ANDHRA PRADESH,ANANTAPUR,2007,Kharif,ONION,2000.0,38000.0
ANDHRA PRADESH,ANANTAPUR,2007,Kharif,RAGI,2000.0,4000.0
ANDHRA PRADESH,ANANTAPUR,2007,Kharif,RICE,30000.0,95000.0
ANDHRA PRADESH,ANANTAPUR,2007,Kharif,SUNFLOWER,19000.0,10000.0
ANDHRA PRADESH,ANANTAPUR,2007,Rabi,GRAM,75000.0,78000.0
ANDHRA PRADESH,ANANTAPUR,2007,Rabi,GROUNDNUT,21000.0,28000.0
ANDHRA PRADESH,ANANTAPUR,2007,Rabi,HORSE-GRAM,1000.0,
ANDHRA PRADESH,ANANTAPUR,2007,Rabi,JOWAR,12000.0,8000.0
ANDHRA PRADESH,ANANTAPUR,2007,Rabi,MAIZE,6000.0,48000.0
ANDHRA PRADESH,ANANTAPUR,2007,Rabi,RICE,14000.0,37000.0
ANDHRA PRADESH,ANANTAPUR,2007,Rabi,SUNFLOWER,26000.0,20000.0
ANDHRA PRADESH,ANANTAPUR,2008,Kharif,ARHAR/TUR,34067.0,13150.0
ANDHRA PRADESH,ANANTAPUR,2008,Kharif,BAJRA,743.0,1011.0
ANDHRA PRADESH,ANANTAPUR,2008,Kharif,CASTOR SEED,886.0,668.0
ANDHRA PRADESH,ANANTAPUR,2008,Kharif,COTTON(LINT),1611.0,1241.0
ANDHRA PRADESH,ANANTAPUR,2008,Kharif,DRY CHILLIES,1574.0,5506.0
ANDHRA PRADESH,ANANTAPUR,2008,Kharif,GROUNDNUT,853577.0,75115.0
ANDHRA PRADESH,ANANTAPUR,2008,Kharif,HORSE-GRAM,295.0,165.0
ANDHRA PRADESH,ANANTAPUR,2008,Kharif,JOWAR,1782.0,2204.0
ANDHRA PRADESH,ANANTAPUR,2008,Kharif,MAIZE,6041.0,20896.0
ANDHRA PRADESH,ANANTAPUR,2008,Kharif,MOONG(GREEN GRAM),629.0,245.0
ANDHRA PRADESH,ANANTAPUR,2008,Kharif,ONION,1376.0,23531.0
ANDHRA PRADESH,ANANTAPUR,2008,Kharif,OTHER KHARIF PULSES,60.0,30.0
ANDHRA PRADESH,ANANTAPUR,2008,Kharif,RAGI,1460.0,3678.0
ANDHRA PRADESH,ANANTAPUR,2008,Kharif,RICE,30306.0,94615.0
ANDHRA PRADESH,ANANTAPUR,2008,Kharif,SMALL MILLETS,112.0,88.0
ANDHRA PRADESH,ANANTAPUR,2008,Kharif,SOYABEAN,182.0,248.0
ANDHRA PRADESH,ANANTAPUR,2008,Rabi,BAJRA,26.0,35.0
ANDHRA PRADESH,ANANTAPUR,2008,Rabi,GRAM,73055.0,68379.0
ANDHRA PRADESH,ANANTAPUR,2008,Rabi,GROUNDNUT,16879.0,24897.0
ANDHRA PRADESH,ANANTAPUR,2008,Rabi,HORSE-GRAM,205.0,136.0
ANDHRA PRADESH,ANANTAPUR,2008,Rabi,JOWAR,12501.0,6951.0
ANDHRA PRADESH,ANANTAPUR,2008,Rabi,LINSEED,14.0,5.0
ANDHRA PRADESH,ANANTAPUR,2008,Rabi,MAIZE,3658.0,32300.0
ANDHRA PRADESH,ANANTAPUR,2008,Rabi,ONION,173.0,4129.0
ANDHRA PRADESH,ANANTAPUR,2008,Rabi,RAGI,336.0,630.0
ANDHRA PRADESH,ANANTAPUR,2008,Rabi,RICE,18416.0,49815.0
ANDHRA PRADESH,ANANTAPUR,2008,Rabi,SAFFLOWER,113.0,44.0
ANDHRA PRADESH,ANANTAPUR,2008,Rabi,WHEAT,164.0,217.0
ANDHRA PRADESH,ANANTAPUR,2008,Whole Year,ARECANUT,325.0,232.0
ANDHRA PRADESH,ANANTAPUR,2008,Whole Year,BANANA,3603.0,160939.0
ANDHRA PRADESH,ANANTAPUR,2008,Whole Year,COCONUT,786.0,7141464.0
ANDHRA PRADESH,ANANTAPUR,2008,Whole Year,CORIANDER,3766.0,1288.0
ANDHRA PRADESH,ANANTAPUR,2008,Whole Year,SUGARCANE,131.0,12305.0
ANDHRA PRADESH,ANANTAPUR,2008,Whole Year,SUNFLOWER,42268.0,26305.0
ANDHRA PRADESH,ANANTAPUR,2008,Whole Year,TOBACCO,99.0,158.0
ANDHRA PRADESH,ANANTAPUR,2008,Whole Year,TURMERIC,4.0,40.0
ANDHRA PRADESH,ANANTAPUR,2009,Kharif,ARHAR/TUR,20269.0,5919.0
ANDHRA PRADESH,ANANTAPUR,2009,Kharif,BAJRA,1722.0,3167.0
ANDHRA PRADESH,ANANTAPUR,2009,Kharif,CASTOR SEED,1332.0,663.0
ANDHRA PRADESH,ANANTAPUR,2009,Kharif,COTTON(LINT),2063.0,1226.0
ANDHRA PRADESH,ANANTAPUR,2009,Kharif,DRY CHILLIES,1604.0,4031.0
ANDHRA PRADESH,ANANTAPUR,2009,Kharif,GROUNDNUT,510874.0,113925.0
ANDHRA PRADESH,ANANTAPUR,2009,Kharif,HORSE-GRAM,5848.0,3982.0
ANDHRA PRADESH,ANANTAPUR,2009,Kharif,JOWAR,41409.0,25881.0
ANDHRA PRADESH,ANANTAPUR,2009,Kharif,MAIZE,8852.0,43924.0
ANDHRA PRADESH,ANANTAPUR,2009,Kharif,MOONG(GREEN GRAM),448.0,115.0
ANDHRA PRADESH,ANANTAPUR,2009,Kharif,ONION,1663.0,29811.0
ANDHRA PRADESH,ANANTAPUR,2009,Kharif,OTHER KHARIF PULSES,57.0,17.0
ANDHRA PRADESH,ANANTAPUR,2009,Kharif,RAGI,2420.0,3780.0
ANDHRA PRADESH,ANANTAPUR,2009,Kharif,RICE,32226.0,101512.0
ANDHRA PRADESH,ANANTAPUR,2009,Kharif,SMALL MILLETS,1045.0,63.0
ANDHRA PRADESH,ANANTAPUR,2009,Kharif,SOYABEAN,24.0,20.0
ANDHRA PRADESH,ANANTAPUR,2009,Kharif,URAD,30.0,9.0
ANDHRA PRADESH,ANANTAPUR,2009,Rabi,ARHAR/TUR,316.0,92.0
ANDHRA PRADESH,ANANTAPUR,2009,Rabi,BAJRA,45.0,83.0
ANDHRA PRADESH,ANANTAPUR,2009,Rabi,GRAM,92936.0,107248.0
ANDHRA PRADESH,ANANTAPUR,2009,Rabi,GROUNDNUT,19507.0,28051.0
ANDHRA PRADESH,ANANTAPUR,2009,Rabi,HORSE-GRAM,4935.0,3420.0
ANDHRA PRADESH,ANANTAPUR,2009,Rabi,JOWAR,17721.0,14283.0
ANDHRA PRADESH,ANANTAPUR,2009,Rabi,MAIZE,4615.0,33736.0
ANDHRA PRADESH,ANANTAPUR,2009,Rabi,MOONG(GREEN GRAM),8.0,3.0
ANDHRA PRADESH,ANANTAPUR,2009,Rabi,ONION,230.0,5665.0
ANDHRA PRADESH,ANANTAPUR,2009,Rabi,RAGI,1122.0,2458.0
ANDHRA PRADESH,ANANTAPUR,2009,Rabi,RAPESEED &MUSTARD,8.0,
ANDHRA PRADESH,ANANTAPUR,2009,Rabi,RICE,19428.0,46899.0
ANDHRA PRADESH,ANANTAPUR,2009,Rabi,SAFFLOWER,46.0,20.0
ANDHRA PRADESH,ANANTAPUR,2009,Rabi,URAD,17.0,13.0
ANDHRA PRADESH,ANANTAPUR,2009,Rabi,WHEAT,179.0,97.0
ANDHRA PRADESH,ANANTAPUR,2009,Whole Year,ARECANUT,356.0,169.0
ANDHRA PRADESH,ANANTAPUR,2009,Whole Year,BANANA,5010.0,265981.0
ANDHRA PRADESH,ANANTAPUR,2009,Whole Year,COCONUT,725.0,4247685.0
ANDHRA PRADESH,ANANTAPUR,2009,Whole Year,CORIANDER,4470.0,1797.0
ANDHRA PRADESH,ANANTAPUR,2009,Whole Year,SUGARCANE,112.0,9968.0
ANDHRA PRADESH,ANANTAPUR,2009,Whole Year,SUNFLOWER,55286.0,33503.0
ANDHRA PRADESH,ANANTAPUR,2009,Whole Year,SWEET POTATO,13.0,77.0
ANDHRA PRADESH,ANANTAPUR,2009,Whole Year,TOBACCO,700.0,1179.0
ANDHRA PRADESH,ANANTAPUR,2010,Kharif,ARHAR/TUR,66013.0,11156.0
ANDHRA PRADESH,ANANTAPUR,2010,Kharif,BAJRA,2010.0,1465.0
ANDHRA PRADESH,ANANTAPUR,2010,Kharif,CASTOR SEED,4328.0,3795.0
ANDHRA PRADESH,ANANTAPUR,2010,Kharif,COTTON(LINT),4338.0,2977.0
ANDHRA PRADESH,ANANTAPUR,2010,Kharif,DRY CHILLIES,1968.0,7307.0
ANDHRA PRADESH,ANANTAPUR,2010,Kharif,GROUNDNUT,814077.0,446928.0
ANDHRA PRADESH,ANANTAPUR,2010,Kharif,HORSE-GRAM,655.0,317.0
ANDHRA PRADESH,ANANTAPUR,2010,Kharif,JOWAR,2606.0,2069.0
ANDHRA PRADESH,ANANTAPUR,2010,Kharif,MAIZE,10726.0,51174.0
ANDHRA PRADESH,ANANTAPUR,2010,Kharif,MESTA,32.0,286.0
ANDHRA PRADESH,ANANTAPUR,2010,Kharif,MOONG(GREEN GRAM),791.0,251.0
ANDHRA PRADESH,ANANTAPUR,2010,Kharif,ONION,1620.0,26924.0
ANDHRA PRADESH,ANANTAPUR,2010,Kharif,OTHER KHARIF PULSES,1.0,
ANDHRA PRADESH,ANANTAPUR,2010,Kharif,RAGI,1876.0,3343.0
ANDHRA PRADESH,ANANTAPUR,2010,Kharif,RICE,34973.0,102007.0
ANDHRA PRADESH,ANANTAPUR,2010,Kharif,SMALL MILLETS,371.0,345.0
ANDHRA PRADESH,ANANTAPUR,2010,Kharif,SOYABEAN,1682.0,2866.0
ANDHRA PRADESH,ANANTAPUR,2010,Kharif,URAD,14.0,6.0
ANDHRA PRADESH,ANANTAPUR,2010,Rabi,BAJRA,5.0,4.0
ANDHRA PRADESH,ANANTAPUR,2010,Rabi,GRAM,94240.0,73601.0
ANDHRA PRADESH,ANANTAPUR,2010,Rabi,GROUNDNUT,19993.0,34068.0
ANDHRA PRADESH,ANANTAPUR,2010,Rabi,HORSE-GRAM,1527.0,860.0
ANDHRA PRADESH,ANANTAPUR,2010,Rabi,JOWAR,13274.0,8296.0
ANDHRA PRADESH,ANANTAPUR,2010,Rabi,MAIZE,4750.0,43306.0
ANDHRA PRADESH,ANANTAPUR,2010,Rabi,MOONG(GREEN GRAM),83.0,29.0
ANDHRA PRADESH,ANANTAPUR,2010,Rabi,ONION,306.0,8233.0
ANDHRA PRADESH,ANANTAPUR,2010,Rabi,RAGI,556.0,831.0
ANDHRA PRADESH,ANANTAPUR,2010,Rabi,RICE,24828.0,69394.0
ANDHRA PRADESH,ANANTAPUR,2010,Rabi,SAFFLOWER,45.0,31.0
ANDHRA PRADESH,ANANTAPUR,2010,Rabi,URAD,559.0,299.0
ANDHRA PRADESH,ANANTAPUR,2010,Rabi,WHEAT,131.0,171.0
ANDHRA PRADESH,ANANTAPUR,2010,Whole Year,ARECANUT,409.0,182.0
ANDHRA PRADESH,ANANTAPUR,2010,Whole Year,BANANA,4416.0,223825.0
ANDHRA PRADESH,ANANTAPUR,2010,Whole Year,CORIANDER,5323.0,3604.0
ANDHRA PRADESH,ANANTAPUR,2010,Whole Year,POTATO,21.0,236.0
ANDHRA PRADESH,ANANTAPUR,2010,Whole Year,SUGARCANE,235.0,20981.0
ANDHRA PRADESH,ANANTAPUR,2010,Whole Year,SUNFLOWER,17615.0,14072.0
ANDHRA PRADESH,ANANTAPUR,2010,Whole Year,SWEET POTATO,4.0,51.0
ANDHRA PRADESH,ANANTAPUR,2010,Whole Year,TOBACCO,174.0,282.0
ANDHRA PRADESH,ANANTAPUR,2010,Whole Year,TURMERIC,13.0,102.0
ANDHRA PRADESH,ANANTAPUR,2011,Kharif,ARHAR/TUR,51728.0,4293.0
ANDHRA PRADESH,ANANTAPUR,2011,Kharif,BAJRA,2614.0,3307.0
ANDHRA PRADESH,ANANTAPUR,2011,Kharif,CASTOR SEED,30203.0,1843.0
ANDHRA PRADESH,ANANTAPUR,2011,Kharif,COTTON(LINT),19299.0,12069.0
ANDHRA PRADESH,ANANTAPUR,2011,Kharif,COWPEA(LOBIA),846.0,150.0
ANDHRA PRADESH,ANANTAPUR,2011,Kharif,DRY CHILLIES,4101.0,10425.0
ANDHRA PRADESH,ANANTAPUR,2011,Kharif,GROUNDNUT,733960.0,174682.0
ANDHRA PRADESH,ANANTAPUR,2011,Kharif,HORSE-GRAM,1212.0,645.0
ANDHRA PRADESH,ANANTAPUR,2011,Kharif,JOWAR,7190.0,7535.0
ANDHRA PRADESH,ANANTAPUR,2011,Kharif,MAIZE,25447.0,63465.0
ANDHRA PRADESH,ANANTAPUR,2011,Kharif,MESTA,15.0,117.0
ANDHRA PRADESH,ANANTAPUR,2011,Kharif,MOONG(GREEN GRAM),785.0,504.0
ANDHRA PRADESH,ANANTAPUR,2011,Kharif,ONION,2757.0,39563.0
ANDHRA PRADESH,ANANTAPUR,2011,Kharif,OTHER KHARIF PULSES,3.0,1.0
ANDHRA PRADESH,ANANTAPUR,2011,Kharif,OTHER OILSEEDS,50.0,1007.0
ANDHRA PRADESH,ANANTAPUR,2011,Kharif,RAGI,1574.0,2679.0
ANDHRA PRADESH,ANANTAPUR,2011,Kharif,RICE,37720.0,94531.0
ANDHRA PRADESH,ANANTAPUR,2011,Kharif,SMALL MILLETS,1092.0,714.0
ANDHRA PRADESH,ANANTAPUR,2011,Kharif,SOYABEAN,1656.0,2676.0
ANDHRA PRADESH,ANANTAPUR,2011,Kharif,URAD,32.0,17.0
ANDHRA PRADESH,ANANTAPUR,2011,Rabi,ARHAR/TUR,17.0,1.0
ANDHRA PRADESH,ANANTAPUR,2011,Rabi,BAJRA,116.0,147.0
ANDHRA PRADESH,ANANTAPUR,2011,Rabi,COWPEA(LOBIA),15.0,12.0
ANDHRA PRADESH,ANANTAPUR,2011,Rabi,DRY CHILLIES,64.0,83.0
ANDHRA PRADESH,ANANTAPUR,2011,Rabi,GRAM,68483.0,38008.0
ANDHRA PRADESH,ANANTAPUR,2011,Rabi,GROUNDNUT,19876.0,32696.0
ANDHRA PRADESH,ANANTAPUR,2011,Rabi,HORSE-GRAM,986.0,577.0
ANDHRA PRADESH,ANANTAPUR,2011,Rabi,JOWAR,7907.0,3882.0
ANDHRA PRADESH,ANANTAPUR,2011,Rabi,MAIZE,6208.0,48168.0
ANDHRA PRADESH,ANANTAPUR,2011,Rabi,MOONG(GREEN GRAM),132.0,79.0
ANDHRA PRADESH,ANANTAPUR,2011,Rabi,ONION,208.0,4259.0
ANDHRA PRADESH,ANANTAPUR,2011,Rabi,RAGI,1695.0,3421.0
ANDHRA PRADESH,ANANTAPUR,2011,Rabi,RICE,10948.0,25542.0
ANDHRA PRADESH,ANANTAPUR,2011,Rabi,SAFFLOWER,84.0,63.0
ANDHRA PRADESH,ANANTAPUR,2011,Rabi,SMALL MILLETS,10.0,7.0
ANDHRA PRADESH,ANANTAPUR,2011,Rabi,URAD,446.0,313.0
ANDHRA PRADESH,ANANTAPUR,2011,Rabi,WHEAT,75.0,100.0
ANDHRA PRADESH,ANANTAPUR,2011,Whole Year,ARECANUT,541.0,267.0
ANDHRA PRADESH,ANANTAPUR,2011,Whole Year,BANANA,8000.0,505176.0
ANDHRA PRADESH,ANANTAPUR,2011,Whole Year,COCONUT,895.0,7165320.0
ANDHRA PRADESH,ANANTAPUR,2011,Whole Year,CORIANDER,2399.0,1327.0
ANDHRA PRADESH,ANANTAPUR,2011,Whole Year,POTATO,18.0,181.0
ANDHRA PRADESH,ANANTAPUR,2011,Whole Year,SUGARCANE,410.0,39186.0
ANDHRA PRADESH,ANANTAPUR,2011,Whole Year,SUNFLOWER,13277.0,12094.0
ANDHRA PRADESH,ANANTAPUR,2011,Whole Year,SWEET POTATO,2.0,26.0
ANDHRA PRADESH,ANANTAPUR,2011,Whole Year,TOBACCO,140.0,226.0
ANDHRA PRADESH,ANANTAPUR,2011,Whole Year,TURMERIC,321.0,2645.0
ANDHRA PRADESH,ANANTAPUR,2012,Kharif,ARECANUT,558.0,302.0
ANDHRA PRADESH,ANANTAPUR,2012,Kharif,ARHAR/TUR,56586.0,8035.0
ANDHRA PRADESH,ANANTAPUR,2012,Kharif,BAJRA,2176.0,1456.0
ANDHRA PRADESH,ANANTAPUR,2012,Kharif,BRINJAL,451.0,8211.0
ANDHRA PRADESH,ANANTAPUR,2012,Kharif,CASTOR SEED,24154.0,9179.0
ANDHRA PRADESH,ANANTAPUR,2012,Kharif,CORIANDER,2.0,1.0
ANDHRA PRADESH,ANANTAPUR,2012,Kharif,COTTON(LINT),27566.0,35511.0
ANDHRA PRADESH,ANANTAPUR,2012,Kharif,COWPEA(LOBIA),586.0,36.0
ANDHRA PRADESH,ANANTAPUR,2012,Kharif,DRY CHILLIES,2736.0,5603.0
ANDHRA PRADESH,ANANTAPUR,2012,Kharif,GRAPES,238.0,7606.0
ANDHRA PRADESH,ANANTAPUR,2012,Kharif,GROUNDNUT,708708.0,295531.0
ANDHRA PRADESH,ANANTAPUR,2012,Kharif,HORSE-GRAM,848.0,589.0
ANDHRA PRADESH,ANANTAPUR,2012,Kharif,JOWAR,7599.0,6930.0
ANDHRA PRADESH,ANANTAPUR,2012,Kharif,LEMON,422.0,3752.0
ANDHRA PRADESH,ANANTAPUR,2012,Kharif,LINSEED,7.0,3.0
ANDHRA PRADESH,ANANTAPUR,2012,Kharif,MAIZE,22039.0,63516.0
ANDHRA PRADESH,ANANTAPUR,2012,Kharif,MANGO,6276.0,57601.0
ANDHRA PRADESH,ANANTAPUR,2012,Kharif,MOONG(GREEN GRAM),481.0,266.0
ANDHRA PRADESH,ANANTAPUR,2012,Kharif,ONION,1548.0,25393.0
ANDHRA PRADESH,ANANTAPUR,2012,Kharif,PAPAYA,447.0,17197.0
ANDHRA PRADESH,ANANTAPUR,2012,Kharif,POME GRANET,1279.0,17671.0
ANDHRA PRADESH,ANANTAPUR,2012,Kharif,RAGI,1589.0,2336.0
ANDHRA PRADESH,ANANTAPUR,2012,Kharif,RICE,22056.0,58691.0
ANDHRA PRADESH,ANANTAPUR,2012,Kharif,SAPOTA,2106.0,41876.0
ANDHRA PRADESH,ANANTAPUR,2012,Kharif,SMALL MILLETS,1343.0,1613.0
ANDHRA PRADESH,ANANTAPUR,2012,Kharif,SOYABEAN,919.0,1671.0
ANDHRA PRADESH,ANANTAPUR,2012,Kharif,SUGARCANE,76.0,6954.0
ANDHRA PRADESH,ANANTAPUR,2012,Kharif,SUNFLOWER,6121.0,5197.0
ANDHRA PRADESH,ANANTAPUR,2012,Kharif,TOBACCO,10.0,14.0
ANDHRA PRADESH,ANANTAPUR,2012,Kharif,TOMATO,2552.0,38561.0
ANDHRA PRADESH,ANANTAPUR,2012,Kharif,TURMERIC,65.0,728.0
ANDHRA PRADESH,ANANTAPUR,2012,Kharif,URAD,31.0,29.0
ANDHRA PRADESH,ANANTAPUR,2012,Rabi,BAJRA,20.0,13.0
ANDHRA PRADESH,ANANTAPUR,2012,Rabi,BRINJAL,251.0,4570.0
ANDHRA PRADESH,ANANTAPUR,2012,Rabi,CASTOR SEED,232.0,88.0
ANDHRA PRADESH,ANANTAPUR,2012,Rabi,CORIANDER,2606.0,1631.0
ANDHRA PRADESH,ANANTAPUR,2012,Rabi,COTTON(LINT),77.0,99.0
ANDHRA PRADESH,ANANTAPUR,2012,Rabi,COWPEA(LOBIA),81.0,74.0
ANDHRA PRADESH,ANANTAPUR,2012,Rabi,DRY CHILLIES,70.0,159.0
ANDHRA PRADESH,ANANTAPUR,2012,Rabi,GRAM,89676.0,77301.0
ANDHRA PRADESH,ANANTAPUR,2012,Rabi,GROUNDNUT,20987.0,34419.0
ANDHRA PRADESH,ANANTAPUR,2012,Rabi,HORSE-GRAM,1997.0,1322.0
ANDHRA PRADESH,ANANTAPUR,2012,Rabi,JOWAR,5795.0,3141.0
ANDHRA PRADESH,ANANTAPUR,2012,Rabi,MAIZE,7070.0,50098.0
ANDHRA PRADESH,ANANTAPUR,2012,Rabi,MOONG(GREEN GRAM),117.0,79.0
ANDHRA PRADESH,ANANTAPUR,2012,Rabi,ONION,84.0,1195.0
ANDHRA PRADESH,ANANTAPUR,2012,Rabi,POTATO,36.0,634.0
ANDHRA PRADESH,ANANTAPUR,2012,Rabi,RAGI,823.0,1227.0
ANDHRA PRADESH,ANANTAPUR,2012,Rabi,RICE,6998.0,17768.0
ANDHRA PRADESH,ANANTAPUR,2012,Rabi,SAFFLOWER,20.0,33.0
ANDHRA PRADESH,ANANTAPUR,2012,Rabi,SMALL MILLETS,15.0,18.0
ANDHRA PRADESH,ANANTAPUR,2012,Rabi,SUNFLOWER,4459.0,1904.0
ANDHRA PRADESH,ANANTAPUR,2012,Rabi,SWEET POTATO,7.0,67.0
ANDHRA PRADESH,ANANTAPUR,2012,Rabi,TOBACCO,115.0,178.0
ANDHRA PRADESH,ANANTAPUR,2012,Rabi,TOMATO,1395.0,31096.0
ANDHRA PRADESH,ANANTAPUR,2012,Rabi,URAD,153.0,156.0
ANDHRA PRADESH,ANANTAPUR,2012,Rabi,WHEAT,134.0,151.0
ANDHRA PRADESH,ANANTAPUR,2012,Whole Year,COCONUT,646.0,5571000.0
ANDHRA PRADESH,ANANTAPUR,2013,Kharif,ARECANUT,453.0,186.0
ANDHRA PRADESH,ANANTAPUR,2013,Kharif,ARHAR/TUR,49932.0,9287.0
ANDHRA PRADESH,ANANTAPUR,2013,Kharif,BAJRA,1332.0,1227.0
ANDHRA PRADESH,ANANTAPUR,2013,Kharif,BRINJAL,407.0,8624.0
ANDHRA PRADESH,ANANTAPUR,2013,Kharif,CABBAGE,2.0,38.0
ANDHRA PRADESH,ANANTAPUR,2013,Kharif,CASHEWNUT,9.0,3.0
ANDHRA PRADESH,ANANTAPUR,2013,Kharif,CASTOR SEED,11416.0,5366.0
ANDHRA PRADESH,ANANTAPUR,2013,Kharif,COTTON(LINT),37661.0,77316.0
ANDHRA PRADESH,ANANTAPUR,2013,Kharif,COWPEA(LOBIA),527.0,253.0
ANDHRA PRADESH,ANANTAPUR,2013,Kharif,DRY CHILLIES,2647.0,3965.0
ANDHRA PRADESH,ANANTAPUR,2013,Kharif,GRAPES,247.0,5644.0
ANDHRA PRADESH,ANANTAPUR,2013,Kharif,GROUNDNUT,711145.0,286591.0
ANDHRA PRADESH,ANANTAPUR,2013,Kharif,HORSE-GRAM,2317.0,1353.0
ANDHRA PRADESH,ANANTAPUR,2013,Kharif,JOWAR,14486.0,9749.0
ANDHRA PRADESH,ANANTAPUR,2013,Kharif,LEMON,391.0,2003.0
ANDHRA PRADESH,ANANTAPUR,2013,Kharif,LINSEED,7.0,3.0
ANDHRA PRADESH,ANANTAPUR,2013,Kharif,MAIZE,27087.0,53226.0
ANDHRA PRADESH,ANANTAPUR,2013,Kharif,MANGO,8711.0,74653.0
ANDHRA PRADESH,ANANTAPUR,2013,Kharif,MOONG(GREEN GRAM),481.0,534.0
ANDHRA PRADESH,ANANTAPUR,2013,Kharif,ONION,1414.0,31097.0
ANDHRA PRADESH,ANANTAPUR,2013,Kharif,OTHER KHARIF PULSES,62.0,18.0
ANDHRA PRADESH,ANANTAPUR,2013,Kharif,OTHER OILSEEDS,13865.0,9431.0
ANDHRA PRADESH,ANANTAPUR,2013,Kharif,PAPAYA,230.0,22418.0
ANDHRA PRADESH,ANANTAPUR,2013,Kharif,POME GRANET,1450.0,23722.0
ANDHRA PRADESH,ANANTAPUR,2013,Kharif,RAGI,2055.0,3163.0
ANDHRA PRADESH,ANANTAPUR,2013,Kharif,RICE,28114.0,59377.0
ANDHRA PRADESH,ANANTAPUR,2013,Kharif,SAPOTA,2181.0,20517.0
ANDHRA PRADESH,ANANTAPUR,2013,Kharif,SMALL MILLETS,935.0,856.0
ANDHRA PRADESH,ANANTAPUR,2013,Kharif,SOYABEAN,2401.0,3866.0
ANDHRA PRADESH,ANANTAPUR,2013,Kharif,SUGARCANE,281.0,26505.0
ANDHRA PRADESH,ANANTAPUR,2013,Kharif,SUNFLOWER,8109.0,6698.0
ANDHRA PRADESH,ANANTAPUR,2013,Kharif,TOBACCO,6.0,11.0
ANDHRA PRADESH,ANANTAPUR,2013,Kharif,TOMATO,2991.0,88620.0
ANDHRA PRADESH,ANANTAPUR,2013,Kharif,TURMERIC,46.0,567.0
ANDHRA PRADESH,ANANTAPUR,2013,Kharif,URAD,48.0,45.0
ANDHRA PRADESH,ANANTAPUR,2013,Rabi,BAJRA,17.0,16.0
ANDHRA PRADESH,ANANTAPUR,2013,Rabi,BRINJAL,356.0,7543.0
ANDHRA PRADESH,ANANTAPUR,2013,Rabi,CABBAGE,11.0,207.0
ANDHRA PRADESH,ANANTAPUR,2013,Rabi,CASTOR SEED,31.0,15.0
ANDHRA PRADESH,ANANTAPUR,2013,Rabi,CORIANDER,1971.0,1234.0
ANDHRA PRADESH,ANANTAPUR,2013,Rabi,COTTON(LINT),62.0,127.0
ANDHRA PRADESH,ANANTAPUR,2013,Rabi,COWPEA(LOBIA),32.0,26.0
ANDHRA PRADESH,ANANTAPUR,2013,Rabi,DRY CHILLIES,27.0,54.0
ANDHRA PRADESH,ANANTAPUR,2013,Rabi,GRAM,85768.0,68614.0
ANDHRA PRADESH,ANANTAPUR,2013,Rabi,GROUNDNUT,17303.0,26335.0
ANDHRA PRADESH,ANANTAPUR,2013,Rabi,HORSE-GRAM,2510.0,1416.0
ANDHRA PRADESH,ANANTAPUR,2013,Rabi,JOWAR,6605.0,3137.0
ANDHRA PRADESH,ANANTAPUR,2013,Rabi,MAIZE,7777.0,57970.0
ANDHRA PRADESH,ANANTAPUR,2013,Rabi,MOONG(GREEN GRAM),129.0,81.0
ANDHRA PRADESH,ANANTAPUR,2013,Rabi,ONION,611.0,14317.0
ANDHRA PRADESH,ANANTAPUR,2013,Rabi,OTHER KHARIF PULSES,5.0,6.0
ANDHRA PRADESH,ANANTAPUR,2013,Rabi,RAGI,822.0,1462.0
ANDHRA PRADESH,ANANTAPUR,2013,Rabi,RICE,12283.0,28558.0
ANDHRA PRADESH,ANANTAPUR,2013,Rabi,SAFFLOWER,58.0,41.0
ANDHRA PRADESH,ANANTAPUR,2013,Rabi,SMALL MILLETS,11.0,10.0
ANDHRA PRADESH,ANANTAPUR,2013,Rabi,SUNFLOWER,5911.0,2879.0
ANDHRA PRADESH,ANANTAPUR,2013,Rabi,SWEET POTATO,1.0,9.0
ANDHRA PRADESH,ANANTAPUR,2013,Rabi,TOBACCO,183.0,309.0
ANDHRA PRADESH,ANANTAPUR,2013,Rabi,TOMATO,3482.0,80532.0
ANDHRA PRADESH,ANANTAPUR,2013,Rabi,URAD,4.0,3.0
ANDHRA PRADESH,ANANTAPUR,2013,Rabi,WHEAT,62.0,39.0
ANDHRA PRADESH,ANANTAPUR,2013,Whole Year,BANANA,8661.0,483881.0
ANDHRA PRADESH,ANANTAPUR,2013,Whole Year,CASHEWNUT,9.0,3.0
ANDHRA PRADESH,ANANTAPUR,2013,Whole Year,CASTOR SEED,11447.0,5381.0
ANDHRA PRADESH,ANANTAPUR,2013,Whole Year,COCONUT,552.0,3969000.0
ANDHRA PRADESH,ANANTAPUR,2013,Whole Year,CORIANDER,1971.0,1234.0
ANDHRA PRADESH,ANANTAPUR,2013,Whole Year,LINSEED,7.0,3.0
ANDHRA PRADESH,ANANTAPUR,2013,Whole Year,POTATO,82.0,1179.0
ANDHRA PRADESH,ANANTAPUR,2013,Whole Year,SAFFLOWER,58.0,41.0
ANDHRA PRADESH,ANANTAPUR,2013,Whole Year,SWEET POTATO,1.0,9.0
ANDHRA PRADESH,ANANTAPUR,2013,Whole Year,WHEAT,62.0,39.0
ANDHRA PRADESH,ANANTAPUR,2014,Kharif,ARHAR/TUR,37562.0,4845.0
ANDHRA PRADESH,ANANTAPUR,2014,Kharif,BAJRA,1752.0,1028.0
ANDHRA PRADESH,ANANTAPUR,2014,Kharif,BRINJAL,320.0,7596.0
ANDHRA PRADESH,ANANTAPUR,2014,Kharif,CABBAGE,10.0,123.0
ANDHRA PRADESH,ANANTAPUR,2014,Kharif,CASHEWNUT,19.0,7.0
ANDHRA PRADESH,ANANTAPUR,2014,Kharif,CASTOR SEED,10320.0,5903.0
ANDHRA PRADESH,ANANTAPUR,2014,Kharif,CORIANDER,162.0,84.0
ANDHRA PRADESH,ANANTAPUR,2014,Kharif,COTTON(LINT),73734.0,103779.0
ANDHRA PRADESH,ANANTAPUR,2014,Kharif,COWPEA(LOBIA),982.0,410.0
ANDHRA PRADESH,ANANTAPUR,2014,Kharif,DRY CHILLIES,2799.0,11848.0
ANDHRA PRADESH,ANANTAPUR,2014,Kharif,GRAPES,309.0,6886.0
ANDHRA PRADESH,ANANTAPUR,2014,Kharif,GROUNDNUT,550794.0,148714.0
ANDHRA PRADESH,ANANTAPUR,2014,Kharif,HORSE-GRAM,3692.0,1658.0
ANDHRA PRADESH,ANANTAPUR,2014,Kharif,JOWAR,13189.0,4234.0
ANDHRA PRADESH,ANANTAPUR,2014,Kharif,LEMON,416.0,3618.0
ANDHRA PRADESH,ANANTAPUR,2014,Kharif,MAIZE,16839.0,42687.0
ANDHRA PRADESH,ANANTAPUR,2014,Kharif,MANGO,11278.0,70939.0
ANDHRA PRADESH,ANANTAPUR,2014,Kharif,MESTA,15.0,106.0
ANDHRA PRADESH,ANANTAPUR,2014,Kharif,MOONG(GREEN GRAM),2428.0,2994.0
ANDHRA PRADESH,ANANTAPUR,2014,Kharif,ONION,1969.0,35214.0
ANDHRA PRADESH,ANANTAPUR,2014,Kharif,OTHER KHARIF PULSES,25.0,2.0
ANDHRA PRADESH,ANANTAPUR,2014,Kharif,OTHER OILSEEDS,31.0,49.0
ANDHRA PRADESH,ANANTAPUR,2014,Kharif,PAPAYA,374.0,29443.0
ANDHRA PRADESH,ANANTAPUR,2014,Kharif,POME GRANET,1572.0,16416.0
ANDHRA PRADESH,ANANTAPUR,2014,Kharif,POTATO,15.0,281.0
ANDHRA PRADESH,ANANTAPUR,2014,Kharif,RAGI,1136.0,1713.0
ANDHRA PRADESH,ANANTAPUR,2014,Kharif,RICE,22658.0,68155.0
ANDHRA PRADESH,ANANTAPUR,2014,Kharif,SAPOTA,2151.0,19520.0
ANDHRA PRADESH,ANANTAPUR,2014,Kharif,SMALL MILLETS,691.0,606.0
ANDHRA PRADESH,ANANTAPUR,2014,Kharif,SOYABEAN,44.0,50.0
ANDHRA PRADESH,ANANTAPUR,2014,Kharif,SUGARCANE,30.0,2456.0
ANDHRA PRADESH,ANANTAPUR,2014,Kharif,SUNFLOWER,5066.0,1180.0
ANDHRA PRADESH,ANANTAPUR,2014,Kharif,TOBACCO,15.0,43.0
ANDHRA PRADESH,ANANTAPUR,2014,Kharif,TOMATO,3976.0,113236.0
ANDHRA PRADESH,ANANTAPUR,2014,Kharif,TURMERIC,19.0,223.0
ANDHRA PRADESH,ANANTAPUR,2014,Kharif,URAD,188.0,249.0
ANDHRA PRADESH,ANANTAPUR,2014,Rabi,BAJRA,47.0,28.0
ANDHRA PRADESH,ANANTAPUR,2014,Rabi,BRINJAL,468.0,11108.0
ANDHRA PRADESH,ANANTAPUR,2014,Rabi,CABBAGE,2.0,25.0
ANDHRA PRADESH,ANANTAPUR,2014,Rabi,CASTOR SEED,229.0,131.0
ANDHRA PRADESH,ANANTAPUR,2014,Rabi,CORIANDER,8223.0,4251.0
ANDHRA PRADESH,ANANTAPUR,2014,Rabi,COTTON(LINT),884.0,1244.0
ANDHRA PRADESH,ANANTAPUR,2014,Rabi,COWPEA(LOBIA),234.0,263.0
ANDHRA PRADESH,ANANTAPUR,2014,Rabi,DRY CHILLIES,124.0,387.0
ANDHRA PRADESH,ANANTAPUR,2014,Rabi,GRAM,68092.0,38676.0
ANDHRA PRADESH,ANANTAPUR,2014,Rabi,GROUNDNUT,14957.0,24679.0
ANDHRA PRADESH,ANANTAPUR,2014,Rabi,HORSE-GRAM,8079.0,3700.0
ANDHRA PRADESH,ANANTAPUR,2014,Rabi,JOWAR,5263.0,1368.0
ANDHRA PRADESH,ANANTAPUR,2014,Rabi,MAIZE,4474.0,31618.0
ANDHRA PRADESH,ANANTAPUR,2014,Rabi,MOONG(GREEN GRAM),586.0,481.0
ANDHRA PRADESH,ANANTAPUR,2014,Rabi,ONION,297.0,6767.0
ANDHRA PRADESH,ANANTAPUR,2014,Rabi,OTHER  RABI PULSES,2.0,2.0
ANDHRA PRADESH,ANANTAPUR,2014,Rabi,POTATO,77.0,1442.0
ANDHRA PRADESH,ANANTAPUR,2014,Rabi,RAGI,734.0,1122.0
ANDHRA PRADESH,ANANTAPUR,2014,Rabi,RICE,6553.0,14377.0
ANDHRA PRADESH,ANANTAPUR,2014,Rabi,SAFFLOWER,310.0,87.0
ANDHRA PRADESH,ANANTAPUR,2014,Rabi,SMALL MILLETS,47.0,41.0
ANDHRA PRADESH,ANANTAPUR,2014,Rabi,SUNFLOWER,3386.0,1642.0
ANDHRA PRADESH,ANANTAPUR,2014,Rabi,SWEET POTATO,4.0,44.0
ANDHRA PRADESH,ANANTAPUR,2014,Rabi,TOBACCO,341.0,635.0
ANDHRA PRADESH,ANANTAPUR,2014,Rabi,TOMATO,4191.0,87055.0
ANDHRA PRADESH,ANANTAPUR,2014,Rabi,URAD,42.0,61.0
ANDHRA PRADESH,ANANTAPUR,2014,Whole Year,COCONUT,687.0,5756000.0
ANDHRA PRADESH,ANANTAPUR,2014,Whole Year,RICE,29211.0,82532.0
ANDHRA PRADESH,CHITTOOR,1997,Kharif,ARHAR/TUR,6100.0,900.0
ANDHRA PRADESH,CHITTOOR,1997,Kharif,BAJRA,1700.0,1900.0
ANDHRA PRADESH,CHITTOOR,1997,Kharif,DRY CHILLIES,600.0,800.0
ANDHRA PRADESH,CHITTOOR,1997,Kharif,GROUNDNUT,234900.0,144200.0
ANDHRA PRADESH,CHITTOOR,1997,Kharif,HORSE-GRAM,3100.0,2000.0
ANDHRA PRADESH,CHITTOOR,1997,Kharif,JOWAR,2400.0,1500.0
ANDHRA PRADESH,CHITTOOR,1997,Kharif,MAIZE,100.0,300.0
ANDHRA PRADESH,CHITTOOR,1997,Kharif,MOONG(GREEN GRAM),200.0,100.0
ANDHRA PRADESH,CHITTOOR,1997,Kharif,OTHER KHARIF PULSES,2200.0,300.0
