state_name,district_name,crop_year,season,crop,area_,production_
Andaman and Nicobar Islands,NICOBARS,2000,Kharif,Arecanut,1254.0,2000
Andaman and Nicobar Islands,NICOBARS,2000,Kharif,Other Kharif pulses,2.0,1
Andaman and Nicobar Islands,NICOBARS,2000,Kharif,Rice,102.0,321
Andaman and Nicobar Islands,NICOBARS,2000,Whole Year,Banana,176.0,641
Andaman and Nicobar Islands,NICOBARS,2000,Whole Year,Cashewnut,720.0,165
Andaman and Nicobar Islands,NICOBARS,2000,Whole Year,Coconut,18168.0,65100000
Andaman and Nicobar Islands,NICOBARS,2000,Whole Year,Dry ginger,36.0,100
Andaman and Nicobar Islands,NICOBARS,2000,Whole Year,Sugarcane,1.0,2
Andaman and Nicobar Islands,NICOBARS,2000,Whole Year,Sweet potato,5.0,15
Andaman and Nicobar Islands,NICOBARS,2000,Whole Year,Tapioca,40.0,169
Andaman and Nicobar Islands,NICOBARS,2001,Kharif,Arecanut,1254.0,2061
Andaman and Nicobar Islands,NICOBARS,2001,Kharif,Other Kharif pulses,2.0,1
Andaman and Nicobar Islands,NICOBARS,2001,Kharif,Rice,83.0,300
Andaman and Nicobar Islands,NICOBARS,2001,Whole Year,Cashewnut,719.0,192
Andaman and Nicobar Islands,NICOBARS,2001,Whole Year,Coconut,18190.0,64430000
Andaman and Nicobar Islands,NICOBARS,2001,Whole Year,Dry ginger,46.0,100
Andaman and Nicobar Islands,NICOBARS,2001,Whole Year,Sugarcane,1.0,1
Andaman and Nicobar Islands,NICOBARS,2001,Whole Year,Sweet potato,11.0,33
Andaman and Nicobar Islands,NICOBARS,2002,Kharif,Rice,189.2,510.84
Andaman and Nicobar Islands,NICOBARS,2002,Whole Year,Arecanut,1258.0,2083
Andaman and Nicobar Islands,NICOBARS,2002,Whole Year,Banana,213.0,1278
Andaman and Nicobar Islands,NICOBARS,2002,Whole Year,Black pepper,63.0,13.5
Andaman and Nicobar Islands,NICOBARS,2002,Whole Year,Cashewnut,719.0,208
Andaman and Nicobar Islands,NICOBARS,2002,Whole Year,Coconut,18240.0,67490000
Andaman and Nicobar Islands,NICOBARS,2002,Whole Year,Dry chillies,413.0,28.8
Andaman and Nicobar Islands,NICOBARS,2002,Whole Year,Dry ginger,47.3,133
Andaman and Nicobar Islands,NICOBARS,2002,Whole Year,Sugarcane,5.0,40
Andaman and Nicobar Islands,NICOBARS,2003,Kharif,Rice,52.0,90.17
Andaman and Nicobar Islands,NICOBARS,2003,Whole Year,Arecanut,1261.0,1525
Andaman and Nicobar Islands,NICOBARS,2003,Whole Year,Banana,266.0,1763
Andaman and Nicobar Islands,NICOBARS,2003,Whole Year,Black pepper,75.5,15.86
Andaman and Nicobar Islands,NICOBARS,2003,Whole Year,Cashewnut,717.0,208.5
Andaman and Nicobar Islands,NICOBARS,2003,Whole Year,Coconut,18284.74,68580000
Andaman and Nicobar Islands,NICOBARS,2003,Whole Year,Dry chillies,60.0,102
Andaman and Nicobar Islands,NICOBARS,2003,Whole Year,Dry ginger,102.0,326.4
Andaman and Nicobar Islands,NICOBARS,2003,Whole Year,other oilseeds,4.2,0.3
Andaman and Nicobar Islands,NICOBARS,2004,Kharif,Rice,52.94,72.57
Andaman and Nicobar Islands,NICOBARS,2004,Whole Year,Arecanut,1264.7,805.85
Andaman and Nicobar Islands,NICOBARS,2004,Whole Year,Banana,66.42,404.12
Andaman and Nicobar Islands,NICOBARS,2004,Whole Year,Black pepper,85.0,15.86
Andaman and Nicobar Islands,NICOBARS,2004,Whole Year,Cashewnut,683.5,197.9
Andaman and Nicobar Islands,NICOBARS,2004,Whole Year,Coconut,18394.7,52380000
Andaman and Nicobar Islands,NICOBARS,2004,Whole Year,Dry chillies,60.0,145.2
Andaman and Nicobar Islands,NICOBARS,2004,Whole Year,Dry ginger,118.0,366
Andaman and Nicobar Islands,NICOBARS,2004,Whole Year,other oilseeds,1.0,0.11
Andaman and Nicobar Islands,NICOBARS,2005,Kharif,Rice,2.09,12.06
Andaman and Nicobar Islands,NICOBARS,2005,Whole Year,Arecanut,795.67,NA
Andaman and Nicobar Islands,NICOBARS,2005,Whole Year,Banana,22.0,582
Andaman and Nicobar Islands,NICOBARS,2005,Whole Year,Black pepper,41.0,0.1
Andaman and Nicobar Islands,NICOBARS,2005,Whole Year,Cashewnut,450.0,55.8
Andaman and Nicobar Islands,NICOBARS,2005,Whole Year,Coconut,13876.57,52030000
Andaman and Nicobar Islands,NICOBARS,2005,Whole Year,Dry chillies,17.0,NA
Andaman and Nicobar Islands,NICOBARS,2005,Whole Year,Turmeric,10.0,70
Andaman and Nicobar Islands,NICOBARS,2006,Whole Year,Arecanut,896.0,477.6
Andaman and Nicobar Islands,NICOBARS,2006,Whole Year,Banana,198.0,976
Andaman and Nicobar Islands,NICOBARS,2006,Whole Year,Black pepper,22.16,0.68
Andaman and Nicobar Islands,NICOBARS,2006,Whole Year,Cashewnut,450.0,85.13
Andaman and Nicobar Islands,NICOBARS,2006,Whole Year,Coconut,14358.0,59370000
Andaman and Nicobar Islands,NICOBARS,2006,Whole Year,Dry chillies,3.0,9
Andaman and Nicobar Islands,NICOBARS,2006,Whole Year,Dry ginger,6.0,21
Andaman and Nicobar Islands,NICOBARS,2006,Whole Year,Sugarcane,0.2,0.5
Andaman and Nicobar Islands,NICOBARS,2006,Whole Year,Sweet potato,18.0,86
Andaman and Nicobar Islands,NICOBARS,2006,Whole Year,Tapioca,52.03,450
Andaman and Nicobar Islands,NICOBARS,2006,Whole Year,Turmeric,2.5,1.03
Andaman and Nicobar Islands,NICOBARS,2010,Autumn,Rice,3.5,10
Andaman and Nicobar Islands,NICOBARS,2010,Autumn,Sugarcane,13.4,41.75
Andaman and Nicobar Islands,NICOBARS,2010,Rabi,Arecanut,944.0,1610
Andaman and Nicobar Islands,NICOBARS,2010,Rabi,Black pepper,23.0,8.5
Andaman and Nicobar Islands,NICOBARS,2010,Rabi,Cashewnut,1000.5,260.5
Andaman and Nicobar Islands,NICOBARS,2010,Rabi,Dry chillies,12.0,25
Andaman and Nicobar Islands,NICOBARS,2010,Rabi,Dry ginger,7.0,9.64
Andaman and Nicobar Islands,NICOBARS,2010,Rabi,Maize,3.84,18.22
Andaman and Nicobar Islands,NICOBARS,2010,Rabi,Moong(Green Gram),1.5,1.1
Andaman and Nicobar Islands,NICOBARS,2010,Rabi,Sweet potato,22.0,208
Andaman and Nicobar Islands,NICOBARS,2010,Rabi,Turmeric,2.0,0.5
Andaman and Nicobar Islands,NICOBARS,2010,Rabi,Urad,1.5,1.16
Andaman and Nicobar Islands,NICOBARS,2010,Whole Year,Banana,593.0,3425
Andaman and Nicobar Islands,NICOBARS,2010,Whole Year,Coconut,14560.0,71300000
Andaman and Nicobar Islands,NICOBARS,2010,Whole Year,Tapioca,69.0,575
Andaman and Nicobar Islands,NORTH AND MIDDLE ANDAMAN,2000,Kharif,Arecanut,3100.0,5200
Andaman and Nicobar Islands,NORTH AND MIDDLE ANDAMAN,2000,Kharif,Other Kharif pulses,668.0,448
Andaman and Nicobar Islands,NORTH AND MIDDLE ANDAMAN,2000,Kharif,Rice,10779.0,31863
Andaman and Nicobar Islands,NORTH AND MIDDLE ANDAMAN,2000,Whole Year,Banana,1531.0,12073
Andaman and Nicobar Islands,NORTH AND MIDDLE ANDAMAN,2000,Whole Year,Cashewnut,80.0,54
Andaman and Nicobar Islands,NORTH AND MIDDLE ANDAMAN,2000,Whole Year,Coconut,6992.0,23900000
Andaman and Nicobar Islands,NORTH AND MIDDLE ANDAMAN,2000,Whole Year,Dry ginger,352.0,1120
Andaman and Nicobar Islands,NORTH AND MIDDLE ANDAMAN,2000,Whole Year,other oilseeds,133.0,55
Andaman and Nicobar Islands,NORTH AND MIDDLE ANDAMAN,2000,Whole Year,Sugarcane,141.0,3736
Andaman and Nicobar Islands,NORTH AND MIDDLE ANDAMAN,2000,Whole Year,Sweet potato,78.0,843
Andaman and Nicobar Islands,NORTH AND MIDDLE ANDAMAN,2000,Whole Year,Tapioca,160.0,2108
Andaman and Nicobar Islands,NORTH AND MIDDLE ANDAMAN,2001,Kharif,Arecanut,3100.0,5239
Andaman and Nicobar Islands,NORTH AND MIDDLE ANDAMAN,2001,Kharif,Other Kharif pulses,418.0,199
Andaman and Nicobar Islands,NORTH AND MIDDLE ANDAMAN,2001,Kharif,Rice,9718.0,27033
Andaman and Nicobar Islands,NORTH AND MIDDLE ANDAMAN,2001,Whole Year,Cashewnut,81.0,33
Andaman and Nicobar Islands,NORTH AND MIDDLE ANDAMAN,2001,Whole Year,Coconut,7015.0,25250000
Andaman and Nicobar Islands,NORTH AND MIDDLE ANDAMAN,2001,Whole Year,Dry ginger,344.0,1124
Andaman and Nicobar Islands,NORTH AND MIDDLE ANDAMAN,2001,Whole Year,Sugarcane,81.0,2379
Andaman and Nicobar Islands,NORTH AND MIDDLE ANDAMAN,2001,Whole Year,Sweet potato,100.0,5
Andaman and Nicobar Islands,NORTH AND MIDDLE ANDAMAN,2006,Kharif,Rice,6854.3,18995.62
Andaman and Nicobar Islands,NORTH AND MIDDLE ANDAMAN,2006,Whole Year,Arecanut,1160.0,3011.7
Andaman and Nicobar Islands,NORTH AND MIDDLE ANDAMAN,2006,Whole Year,Banana,957.57,8582
Andaman and Nicobar Islands,NORTH AND MIDDLE ANDAMAN,2006,Whole Year,Black pepper,175.0,191.14
Andaman and Nicobar Islands,NORTH AND MIDDLE ANDAMAN,2006,Whole Year,Cashewnut,40.5,44
Andaman and Nicobar Islands,NORTH AND MIDDLE ANDAMAN,2006,Whole Year,Coconut,3575.0,15400000
Andaman and Nicobar Islands,NORTH AND MIDDLE ANDAMAN,2006,Whole Year,Dry chillies,235.72,824.3
Andaman and Nicobar Islands,NORTH AND MIDDLE ANDAMAN,2006,Whole Year,Dry ginger,98.66,929
Andaman and Nicobar Islands,NORTH AND MIDDLE ANDAMAN,2006,Whole Year,other oilseeds,35.62,21.4
Andaman and Nicobar Islands,NORTH AND MIDDLE ANDAMAN,2006,Whole Year,Sugarcane,71.3,1500
Andaman and Nicobar Islands,NORTH AND MIDDLE ANDAMAN,2006,Whole Year,Sweet potato,30.0,240
Andaman and Nicobar Islands,NORTH AND MIDDLE ANDAMAN,2006,Whole Year,Tapioca,255.0,1420
Andaman and Nicobar Islands,NORTH AND MIDDLE ANDAMAN,2006,Whole Year,Turmeric,68.0,408
Andaman and Nicobar Islands,NORTH AND MIDDLE ANDAMAN,2010,Autumn,Rice,6791.0,20118
Andaman and Nicobar Islands,NORTH AND MIDDLE ANDAMAN,2010,Autumn,Sugarcane,73.33,889.2
Andaman and Nicobar Islands,NORTH AND MIDDLE ANDAMAN,2010,Rabi,Arecanut,1296.0,2290
Andaman and Nicobar Islands,NORTH AND MIDDLE ANDAMAN,2010,Rabi,Arhar/Tur,294.5,90.8
Andaman and Nicobar Islands,NORTH AND MIDDLE ANDAMAN,2010,Rabi,Black pepper,168.0,13.5
Andaman and Nicobar Islands,NORTH AND MIDDLE ANDAMAN,2010,Rabi,Cashewnut,84.5,39
Andaman and Nicobar Islands,NORTH AND MIDDLE ANDAMAN,2010,Rabi,Dry chillies,254.0,402
Andaman and Nicobar Islands,NORTH AND MIDDLE ANDAMAN,2010,Rabi,Dry ginger,110.0,1011.84
Andaman and Nicobar Islands,NORTH AND MIDDLE ANDAMAN,2010,Rabi,Groundnut,4.75,6.8
Andaman and Nicobar Islands,NORTH AND MIDDLE ANDAMAN,2010,Rabi,Maize,86.7,96.4
Andaman and Nicobar Islands,NORTH AND MIDDLE ANDAMAN,2010,Rabi,Moong(Green Gram),1168.6,556.55
Andaman and Nicobar Islands,NORTH AND MIDDLE ANDAMAN,2010,Rabi,Sunflower,2.9,1.9
Andaman and Nicobar Islands,NORTH AND MIDDLE ANDAMAN,2010,Rabi,Sweet potato,109.0,480
Andaman and Nicobar Islands,NORTH AND MIDDLE ANDAMAN,2010,Rabi,Turmeric,68.0,376.5
Andaman and Nicobar Islands,NORTH AND MIDDLE ANDAMAN,2010,Rabi,Urad,1059.5,458.79
Andaman and Nicobar Islands,NORTH AND MIDDLE ANDAMAN,2010,Whole Year,Banana,657.0,7968
Andaman and Nicobar Islands,NORTH AND MIDDLE ANDAMAN,2010,Whole Year,Coconut,3668.0,12700000
Andaman and Nicobar Islands,NORTH AND MIDDLE ANDAMAN,2010,Whole Year,Tapioca,186.5,1355
Andaman and Nicobar Islands,SOUTH ANDAMANS,2002,Kharif,Rice,10695.8,31600.82
Andaman and Nicobar Islands,SOUTH ANDAMANS,2002,Whole Year,Arecanut,3105.0,5267
Andaman and Nicobar Islands,SOUTH ANDAMANS,2002,Whole Year,Banana,1524.0,10882
Andaman and Nicobar Islands,SOUTH ANDAMANS,2002,Whole Year,Black pepper,487.0,102.5
Andaman and Nicobar Islands,SOUTH ANDAMANS,2002,Whole Year,Cashewnut,81.0,24
Andaman and Nicobar Islands,SOUTH ANDAMANS,2002,Whole Year,Coconut,7060.0,26830000
Andaman and Nicobar Islands,SOUTH ANDAMANS,2002,Whole Year,Dry chillies,239.0,20.9
Andaman and Nicobar Islands,SOUTH ANDAMANS,2002,Whole Year,Dry ginger,352.0,1145
Andaman and Nicobar Islands,SOUTH ANDAMANS,2002,Whole Year,other oilseeds,85.1,40.31
Andaman and Nicobar Islands,SOUTH ANDAMANS,2002,Whole Year,Sugarcane,455.0,13760
Andaman and Nicobar Islands,SOUTH ANDAMANS,2003,Kharif,Rice,10509.37,30760.7
Andaman and Nicobar Islands,SOUTH ANDAMANS,2003,Whole Year,Arecanut,3118.0,5182
Andaman and Nicobar Islands,SOUTH ANDAMANS,2003,Whole Year,Banana,1530.0,11558
Andaman and Nicobar Islands,SOUTH ANDAMANS,2003,Whole Year,Black pepper,497.0,104.37
Andaman and Nicobar Islands,SOUTH ANDAMANS,2003,Whole Year,Cashewnut,116.5,26.14
Andaman and Nicobar Islands,SOUTH ANDAMANS,2003,Whole Year,Coconut,7110.0,26660000
Andaman and Nicobar Islands,SOUTH ANDAMANS,2003,Whole Year,Dry chillies,340.0,578
Andaman and Nicobar Islands,SOUTH ANDAMANS,2003,Whole Year,Dry ginger,406.0,1299.2
Andaman and Nicobar Islands,SOUTH ANDAMANS,2003,Whole Year,other oilseeds,82.09,35.51
Andaman and Nicobar Islands,SOUTH ANDAMANS,2003,Whole Year,Sugarcane,268.0,2879.52
Andaman and Nicobar Islands,SOUTH ANDAMANS,2004,Kharif,Rice,10681.98,29119.66
Andaman and Nicobar Islands,SOUTH ANDAMANS,2004,Whole Year,Arecanut,3160.67,3975.2
Andaman and Nicobar Islands,SOUTH ANDAMANS,2004,Whole Year,Banana,1912.1,17374.4
Andaman and Nicobar Islands,SOUTH ANDAMANS,2004,Whole Year,Black pepper,570.0,104.36
Andaman and Nicobar Islands,SOUTH ANDAMANS,2004,Whole Year,Cashewnut,116.5,25.1
Andaman and Nicobar Islands,SOUTH ANDAMANS,2004,Whole Year,Coconut,7156.7,34750000
Andaman and Nicobar Islands,SOUTH ANDAMANS,2004,Whole Year,Dry chillies,340.0,822.8
Andaman and Nicobar Islands,SOUTH ANDAMANS,2004,Whole Year,Dry ginger,410.0,1462
Andaman and Nicobar Islands,SOUTH ANDAMANS,2004,Whole Year,other oilseeds,89.3,46.5
Andaman and Nicobar Islands,SOUTH ANDAMANS,2004,Whole Year,Sugarcane,145.26,1560
Andaman and Nicobar Islands,SOUTH ANDAMANS,2005,Kharif,Rice,8683.38,25870.98
Andaman and Nicobar Islands,SOUTH ANDAMANS,2005,Whole Year,Arecanut,3250.78,3058.46
Andaman and Nicobar Islands,SOUTH ANDAMANS,2005,Whole Year,Banana,1656.8,10251.13
Andaman and Nicobar Islands,SOUTH ANDAMANS,2005,Whole Year,Black pepper,656.45,35.95
Andaman and Nicobar Islands,SOUTH ANDAMANS,2005,Whole Year,Cashewnut,118.5,30.22
Andaman and Nicobar Islands,SOUTH ANDAMANS,2005,Whole Year,Coconut,7050.45,26430000
Andaman and Nicobar Islands,SOUTH ANDAMANS,2005,Whole Year,Dry chillies,370.7,877.6
Andaman and Nicobar Islands,SOUTH ANDAMANS,2005,Whole Year,Dry ginger,200.0,1800
Andaman and Nicobar Islands,SOUTH ANDAMANS,2005,Whole Year,other oilseeds,53.55,34.2
Andaman and Nicobar Islands,SOUTH ANDAMANS,2005,Whole Year,Sugarcane,128.02,2448.2
Andaman and Nicobar Islands,SOUTH ANDAMANS,2005,Whole Year,Sweet potato,131.9,700.35
Andaman and Nicobar Islands,SOUTH ANDAMANS,2005,Whole Year,Tapioca,254.5,1480
Andaman and Nicobar Islands,SOUTH ANDAMANS,2005,Whole Year,Turmeric,81.7,572
Andaman and Nicobar Islands,SOUTH ANDAMANS,2006,Kharif,Rice,921.87,2539.64
Andaman and Nicobar Islands,SOUTH ANDAMANS,2006,Whole Year,Arecanut,2000.0,2350
Andaman and Nicobar Islands,SOUTH ANDAMANS,2006,Whole Year,Banana,483.0,4150
Andaman and Nicobar Islands,SOUTH ANDAMANS,2006,Whole Year,Black pepper,413.1,20.18
Andaman and Nicobar Islands,SOUTH ANDAMANS,2006,Whole Year,Cashewnut,79.5,26
Andaman and Nicobar Islands,SOUTH ANDAMANS,2006,Whole Year,Coconut,3483.09,14190000
Andaman and Nicobar Islands,SOUTH ANDAMANS,2006,Whole Year,Dry chillies,124.6,34.7
Andaman and Nicobar Islands,SOUTH ANDAMANS,2006,Whole Year,Dry ginger,100.9,900
Andaman and Nicobar Islands,SOUTH ANDAMANS,2006,Whole Year,other oilseeds,24.0,14.98
Andaman and Nicobar Islands,SOUTH ANDAMANS,2006,Whole Year,Sugarcane,53.5,999.5
Andaman and Nicobar Islands,SOUTH ANDAMANS,2006,Whole Year,Sweet potato,30.4,220
Andaman and Nicobar Islands,SOUTH ANDAMANS,2006,Whole Year,Tapioca,40.0,160
Andaman and Nicobar Islands,SOUTH ANDAMANS,2006,Whole Year,Turmeric,10.0,60
Andaman and Nicobar Islands,SOUTH ANDAMANS,2010,Autumn,Rice,1595.5,3788
Andaman and Nicobar Islands,SOUTH ANDAMANS,2010,Autumn,Sugarcane,67.5,402
Andaman and Nicobar Islands,SOUTH ANDAMANS,2010,Rabi,Arecanut,1912.0,1900
Andaman and Nicobar Islands,SOUTH ANDAMANS,2010,Rabi,Arhar/Tur,20.5,13.2
Andaman and Nicobar Islands,SOUTH ANDAMANS,2010,Rabi,Black pepper,409.0,98
Andaman and Nicobar Islands,SOUTH ANDAMANS,2010,Rabi,Cashewnut,15.0,10.5
Andaman and Nicobar Islands,SOUTH ANDAMANS,2010,Rabi,Dry chillies,128.0,148
Andaman and Nicobar Islands,SOUTH ANDAMANS,2010,Rabi,Dry ginger,94.0,828.52
Andaman and Nicobar Islands,SOUTH ANDAMANS,2010,Rabi,Groundnut,15.5,7.6
Andaman and Nicobar Islands,SOUTH ANDAMANS,2010,Rabi,Maize,73.0,253
Andaman and Nicobar Islands,SOUTH ANDAMANS,2010,Rabi,Moong(Green Gram),29.9,17.85
Andaman and Nicobar Islands,SOUTH ANDAMANS,2010,Rabi,Sunflower,1.0,0.5
Andaman and Nicobar Islands,SOUTH ANDAMANS,2010,Rabi,Sweet potato,32.0,235
Andaman and Nicobar Islands,SOUTH ANDAMANS,2010,Rabi,Turmeric,10.0,105
Andaman and Nicobar Islands,SOUTH ANDAMANS,2010,Rabi,Urad,34.0,15.05
Andaman and Nicobar Islands,SOUTH ANDAMANS,2010,Whole Year,Banana,360.0,5517
Andaman and Nicobar Islands,SOUTH ANDAMANS,2010,Whole Year,Coconut,3540.0,11000000
Andaman and Nicobar Islands,SOUTH ANDAMANS,2010,Whole Year,Tapioca,22.5,220
Andhra Pradesh,ANANTAPUR,1997,Kharif,Arhar/Tur,21400.0,2600
Andhra Pradesh,ANANTAPUR,1997,Kharif,Bajra,1400.0,500
Andhra Pradesh,ANANTAPUR,1997,Kharif,Castor seed,1000.0,100
Andhra Pradesh,ANANTAPUR,1997,Kharif,Cotton(lint),7300.0,9400
Andhra Pradesh,ANANTAPUR,1997,Kharif,Dry chillies,3700.0,7100
Andhra Pradesh,ANANTAPUR,1997,Kharif,Groundnut,650800.0,228400
Andhra Pradesh,ANANTAPUR,1997,Kharif,Horse-gram,3300.0,1000
Andhra Pradesh,ANANTAPUR,1997,Kharif,Jowar,10100.0,10200
Andhra Pradesh,ANANTAPUR,1997,Kharif,Korra,2200.0,700
Andhra Pradesh,ANANTAPUR,1997,Kharif,Maize,2800.0,4900
Andhra Pradesh,ANANTAPUR,1997,Kharif,Moong(Green Gram),1300.0,500
Andhra Pradesh,ANANTAPUR,1997,Kharif,Other Kharif pulses,800.0,100
Andhra Pradesh,ANANTAPUR,1997,Kharif,Ragi,6700.0,11800
Andhra Pradesh,ANANTAPUR,1997,Kharif,Rice,35600.0,75400
Andhra Pradesh,ANANTAPUR,1997,Kharif,Sugarcane,700.0,72900
Andhra Pradesh,ANANTAPUR,1997,Kharif,Sunflower,35900.0,11100
Andhra Pradesh,ANANTAPUR,1997,Kharif,Tobacco,200.0,200
Andhra Pradesh,ANANTAPUR,1997,Rabi,Dry chillies,100.0,100
Andhra Pradesh,ANANTAPUR,1997,Rabi,Gram,28000.0,14800
Andhra Pradesh,ANANTAPUR,1997,Rabi,Groundnut,20200.0,21700
Andhra Pradesh,ANANTAPUR,1997,Rabi,Horse-gram,600.0,200
Andhra Pradesh,ANANTAPUR,1997,Rabi,Jowar,18800.0,9400
Andhra Pradesh,ANANTAPUR,1997,Rabi,Korra,100.0,100
Andhra Pradesh,ANANTAPUR,1997,Rabi,Maize,600.0,2400
Andhra Pradesh,ANANTAPUR,1997,Rabi,Ragi,600.0,1000
Andhra Pradesh,ANANTAPUR,1997,Rabi,Rice,18000.0,37300
Andhra Pradesh,ANANTAPUR,1997,Rabi,Sunflower,30100.0,11100
Andhra Pradesh,ANANTAPUR,1997,Rabi,Wheat,300.0,200
Andhra Pradesh,ANANTAPUR,1998,Kharif,Arhar/Tur,27400.0,9100
Andhra Pradesh,ANANTAPUR,1998,Kharif,Bajra,2600.0,1900
Andhra Pradesh,ANANTAPUR,1998,Kharif,Castor seed,3200.0,1000
Andhra Pradesh,ANANTAPUR,1998,Kharif,Cotton(lint),14000.0,12900
Andhra Pradesh,ANANTAPUR,1998,Kharif,Dry chillies,4000.0,10000
Andhra Pradesh,ANANTAPUR,1998,Kharif,Groundnut,755200.0,867800
Andhra Pradesh,ANANTAPUR,1998,Kharif,Horse-gram,2300.0,900
Andhra Pradesh,ANANTAPUR,1998,Kharif,Jowar,3700.0,5800
Andhra Pradesh,ANANTAPUR,1998,Kharif,Korra,4600.0,3400
Andhra Pradesh,ANANTAPUR,1998,Kharif,Maize,3300.0,6700
Andhra Pradesh,ANANTAPUR,1998,Kharif,Moong(Green Gram),2100.0,1300
Andhra Pradesh,ANANTAPUR,1998,Kharif,Other Kharif pulses,2000.0,300
Andhra Pradesh,ANANTAPUR,1998,Kharif,Ragi,7000.0,14900
Andhra Pradesh,ANANTAPUR,1998,Kharif,Rice,38300.0,96800
Andhra Pradesh,ANANTAPUR,1998,Kharif,Sunflower,21300.0,12200
Andhra Pradesh,ANANTAPUR,1998,Rabi,Dry chillies,200.0,200
Andhra Pradesh,ANANTAPUR,1998,Rabi,Gram,26200.0,25900
Andhra Pradesh,ANANTAPUR,1998,Rabi,Groundnut,25900.0,35800
Andhra Pradesh,ANANTAPUR,1998,Rabi,Horse-gram,700.0,500
Andhra Pradesh,ANANTAPUR,1998,Rabi,Jowar,14800.0,22100
Andhra Pradesh,ANANTAPUR,1998,Rabi,Maize,300.0,1600
Andhra Pradesh,ANANTAPUR,1998,Rabi,Ragi,700.0,1200
Andhra Pradesh,ANANTAPUR,1998,Rabi,Rice,26600.0,63900
Andhra Pradesh,ANANTAPUR,1998,Rabi,Sunflower,13500.0,3300
Andhra Pradesh,ANANTAPUR,1998,Rabi,Wheat,400.0,200
Andhra Pradesh,ANANTAPUR,1998,Whole Year,Sugarcane,700.0,65900
Andhra Pradesh,ANANTAPUR,1998,Whole Year,Tobacco,100.0,100
Andhra Pradesh,ANANTAPUR,1999,Kharif,Bajra,1635.0,889
Andhra Pradesh,ANANTAPUR,1999,Kharif,Castor seed,1880.0,355
Andhra Pradesh,ANANTAPUR,1999,Kharif,Cotton(lint),9453.0,10510
Andhra Pradesh,ANANTAPUR,1999,Kharif,Groundnut,694865.0,249457
Andhra Pradesh,ANANTAPUR,1999,Kharif,Horse-gram,1762.0,495
Andhra Pradesh,ANANTAPUR,1999,Kharif,Jowar,11131.0,14582
Andhra Pradesh,ANANTAPUR,1999,Kharif,Maize,3358.0,9540
Andhra Pradesh,ANANTAPUR,1999,Kharif,Masoor,23117.0,3861
Andhra Pradesh,ANANTAPUR,1999,Kharif,Moong(Green Gram),1546.0,1098
Andhra Pradesh,ANANTAPUR,1999,Kharif,Ragi,6215.0,11467
Andhra Pradesh,ANANTAPUR,1999,Kharif,Rice,37991.0,105082
Andhra Pradesh,ANANTAPUR,1999,Kharif,Sesamum,8.0,2
Andhra Pradesh,ANANTAPUR,1999,Kharif,Urad,4.0,2
Andhra Pradesh,ANANTAPUR,1999,Rabi,Bajra,99.0,54
Andhra Pradesh,ANANTAPUR,1999,Rabi,Gram,26835.0,9365
Andhra Pradesh,ANANTAPUR,1999,Rabi,Groundnut,21785.0,25358
Andhra Pradesh,ANANTAPUR,1999,Rabi,Horse-gram,1071.0,327
Andhra Pradesh,ANANTAPUR,1999,Rabi,Jowar,21487.0,30576
Andhra Pradesh,ANANTAPUR,1999,Rabi,Linseed,12.0,1
Andhra Pradesh,ANANTAPUR,1999,Rabi,Maize,455.0,2203
Andhra Pradesh,ANANTAPUR,1999,Rabi,Masoor,98.0,10
Andhra Pradesh,ANANTAPUR,1999,Rabi,Moong(Green Gram),1.0,1
Andhra Pradesh,ANANTAPUR,1999,Rabi,Ragi,734.0,1180
Andhra Pradesh,ANANTAPUR,1999,Rabi,Rice,20258.0,45669
Andhra Pradesh,ANANTAPUR,1999,Rabi,Safflower,881.0,145
Andhra Pradesh,ANANTAPUR,1999,Rabi,Sesamum,10.0,2
Andhra Pradesh,ANANTAPUR,1999,Rabi,Wheat,439.0,294
Andhra Pradesh,ANANTAPUR,1999,Whole Year,Dry chillies,5199.0,5759
Andhra Pradesh,ANANTAPUR,1999,Whole Year,Onion,1770.0,32364
Andhra Pradesh,ANANTAPUR,1999,Whole Year,Sugarcane,884.0,83126
Andhra Pradesh,ANANTAPUR,2000,Kharif,Arhar/Tur,30693.0,7888
Andhra Pradesh,ANANTAPUR,2000,Kharif,Bajra,2477.0,1449
Andhra Pradesh,ANANTAPUR,2000,Kharif,Castor seed,9315.0,2831
Andhra Pradesh,ANANTAPUR,2000,Kharif,Cotton(lint),12025.0,16128
Andhra Pradesh,ANANTAPUR,2000,Kharif,Dry chillies,3755.0,10146
Andhra Pradesh,ANANTAPUR,2000,Kharif,Gram,21.0,14
Andhra Pradesh,ANANTAPUR,2000,Kharif,Groundnut,791559.0,884963
Andhra Pradesh,ANANTAPUR,2000,Kharif,Horse-gram,601.0,215
Andhra Pradesh,ANANTAPUR,2000,Kharif,Jowar,5071.0,14351
Andhra Pradesh,ANANTAPUR,2000,Kharif,Korra,1626.0,1143
Andhra Pradesh,ANANTAPUR,2000,Kharif,Maize,3475.0,9049
Andhra Pradesh,ANANTAPUR,2000,Kharif,Moong(Green Gram),1744.0,774
Andhra Pradesh,ANANTAPUR,2000,Kharif,Onion,1103.0,15470
Andhra Pradesh,ANANTAPUR,2000,Kharif,Other Kharif pulses,3167.0,559
Andhra Pradesh,ANANTAPUR,2000,Kharif,other misc. pulses,1292.0,214
Andhra Pradesh,ANANTAPUR,2000,Kharif,Ragi,6613.0,16923
Andhra Pradesh,ANANTAPUR,2000,Kharif,Rice,39905.0,117680
Andhra Pradesh,ANANTAPUR,2000,Kharif,Samai,21.0,5
Andhra Pradesh,ANANTAPUR,2000,Kharif,Sesamum,5.0,1
Andhra Pradesh,ANANTAPUR,2000,Kharif,Small millets,1647.0,1148
Andhra Pradesh,ANANTAPUR,2000,Kharif,Sunflower,30606.0,24590
Andhra Pradesh,ANANTAPUR,2000,Kharif,Urad,135.0,8
Andhra Pradesh,ANANTAPUR,2000,Rabi,Arhar/Tur,35.0,9
Andhra Pradesh,ANANTAPUR,2000,Rabi,Bajra,317.0,185
Andhra Pradesh,ANANTAPUR,2000,Rabi,Dry chillies,71.0,81
Andhra Pradesh,ANANTAPUR,2000,Rabi,Gram,33858.0,22685
Andhra Pradesh,ANANTAPUR,2000,Rabi,Groundnut,23048.0,23832
Andhra Pradesh,ANANTAPUR,2000,Rabi,Horse-gram,377.0,80
Andhra Pradesh,ANANTAPUR,2000,Rabi,Jowar,15242.0,16980
Andhra Pradesh,ANANTAPUR,2000,Rabi,Korra,96.0,67
Andhra Pradesh,ANANTAPUR,2000,Rabi,Linseed,8.0,2
Andhra Pradesh,ANANTAPUR,2000,Rabi,Maize,399.0,2148
Andhra Pradesh,ANANTAPUR,2000,Rabi,Onion,482.0,11514
Andhra Pradesh,ANANTAPUR,2000,Rabi,Ragi,909.0,1312
Andhra Pradesh,ANANTAPUR,2000,Rabi,Rice,22099.0,57236
Andhra Pradesh,ANANTAPUR,2000,Rabi,Safflower,703.0,129
Andhra Pradesh,ANANTAPUR,2000,Rabi,Small millets,96.0,67
Andhra Pradesh,ANANTAPUR,2000,Rabi,Urad,363.0,292
Andhra Pradesh,ANANTAPUR,2000,Rabi,Wheat,520.0,297
Andhra Pradesh,ANANTAPUR,2000,Whole Year,Arecanut,252.0,696
Andhra Pradesh,ANANTAPUR,2000,Whole Year,Banana,769.0,11693
Andhra Pradesh,ANANTAPUR,2000,Whole Year,Coconut,908.0,3896970
Andhra Pradesh,ANANTAPUR,2000,Whole Year,Coriander,8953.0,2266
Andhra Pradesh,ANANTAPUR,2000,Whole Year,Potato,4.0,34
Andhra Pradesh,ANANTAPUR,2000,Whole Year,Sugarcane,284.0,25395
Andhra Pradesh,ANANTAPUR,2000,Whole Year,Sweet potato,28.0,379
Andhra Pradesh,ANANTAPUR,2000,Whole Year,Tobacco,89.0,114
Andhra Pradesh,ANANTAPUR,2000,Whole Year,Turmeric,39.0,272
Andhra Pradesh,ANANTAPUR,2001,Kharif,Arhar/Tur,27942.0,7628
Andhra Pradesh,ANANTAPUR,2001,Kharif,Bajra,1595.0,526
Andhra Pradesh,ANANTAPUR,2001,Kharif,Castor seed,3191.0,900
Andhra Pradesh,ANANTAPUR,2001,Kharif,Cotton(lint),8552.0,9055
Andhra Pradesh,ANANTAPUR,2001,Kharif,Dry chillies,3765.0,7127
Andhra Pradesh,ANANTAPUR,2001,Kharif,Gram,16.0,17
Andhra Pradesh,ANANTAPUR,2001,Kharif,Groundnut,758700.0,333828
Andhra Pradesh,ANANTAPUR,2001,Kharif,Horse-gram,649.0,60
Andhra Pradesh,ANANTAPUR,2001,Kharif,Jowar,3900.0,6720
Andhra Pradesh,ANANTAPUR,2001,Kharif,Korra,1434.0,627
Andhra Pradesh,ANANTAPUR,2001,Kharif,Maize,2667.0,7129
Andhra Pradesh,ANANTAPUR,2001,Kharif,Moong(Green Gram),1511.0,730
Andhra Pradesh,ANANTAPUR,2001,Kharif,Onion,1165.0,19232
Andhra Pradesh,ANANTAPUR,2001,Kharif,Other Kharif pulses,2496.0,324
Andhra Pradesh,ANANTAPUR,2001,Kharif,Ragi,5124.0,12405
Andhra Pradesh,ANANTAPUR,2001,Kharif,Rice,32878.0,95609
Andhra Pradesh,ANANTAPUR,2001,Kharif,Small millets,1434.0,627
Andhra Pradesh,ANANTAPUR,2001,Kharif,Sunflower,51610.0,33580
Andhra Pradesh,ANANTAPUR,2001,Kharif,Urad,487.0,176
Andhra Pradesh,ANANTAPUR,2001,Rabi,Arhar/Tur,5.0,1
Andhra Pradesh,ANANTAPUR,2001,Rabi,Bajra,27.0,9
Andhra Pradesh,ANANTAPUR,2001,Rabi,Dry chillies,108.0,168
Andhra Pradesh,ANANTAPUR,2001,Rabi,Gram,47894.0,50145
Andhra Pradesh,ANANTAPUR,2001,Rabi,Groundnut,18773.0,29192
Andhra Pradesh,ANANTAPUR,2001,Rabi,Horse-gram,417.0,226
Andhra Pradesh,ANANTAPUR,2001,Rabi,Jowar,15170.0,17446
Andhra Pradesh,ANANTAPUR,2001,Rabi,Linseed,5.0,1
Andhra Pradesh,ANANTAPUR,2001,Rabi,Maize,447.0,2893
Andhra Pradesh,ANANTAPUR,2001,Rabi,Moong(Green Gram),40.0,12
Andhra Pradesh,ANANTAPUR,2001,Rabi,Onion,380.0,8465
Andhra Pradesh,ANANTAPUR,2001,Rabi,Other  Rabi pulses,1.0,1
Andhra Pradesh,ANANTAPUR,2001,Rabi,Ragi,544.0,725
Andhra Pradesh,ANANTAPUR,2001,Rabi,Rice,38119.0,108906
Andhra Pradesh,ANANTAPUR,2001,Rabi,Safflower,3768.0,528
Andhra Pradesh,ANANTAPUR,2001,Rabi,Sesamum,2.0,1
Andhra Pradesh,ANANTAPUR,2001,Rabi,Urad,127.0,86
Andhra Pradesh,ANANTAPUR,2001,Rabi,Wheat,307.0,213
Andhra Pradesh,ANANTAPUR,2001,Whole Year,Arecanut,257.0,430
Andhra Pradesh,ANANTAPUR,2001,Whole Year,Banana,1582.0,462
Andhra Pradesh,ANANTAPUR,2001,Whole Year,Coconut,851.0,3053700
Andhra Pradesh,ANANTAPUR,2001,Whole Year,Coriander,4741.0,1119
Andhra Pradesh,ANANTAPUR,2001,Whole Year,Sugarcane,490.0,42470
Andhra Pradesh,ANANTAPUR,2001,Whole Year,Sweet potato,31.0,411
Andhra Pradesh,ANANTAPUR,2001,Whole Year,Tobacco,111.0,111
Andhra Pradesh,ANANTAPUR,2001,Whole Year,Turmeric,8.0,40
Andhra Pradesh,ANANTAPUR,2002,Kharif,Arhar/Tur,33454.0,6557
Andhra Pradesh,ANANTAPUR,2002,Kharif,Bajra,1925.0,581
Andhra Pradesh,ANANTAPUR,2002,Kharif,Castor seed,2050.0,416
Andhra Pradesh,ANANTAPUR,2002,Kharif,Cotton(lint),7638.0,7144
Andhra Pradesh,ANANTAPUR,2002,Kharif,Dry chillies,2737.0,6128
Andhra Pradesh,ANANTAPUR,2002,Kharif,Groundnut,732262.0,259953
Andhra Pradesh,ANANTAPUR,2002,Kharif,Horse-gram,947.0,140
Andhra Pradesh,ANANTAPUR,2002,Kharif,Jowar,2906.0,4545
Andhra Pradesh,ANANTAPUR,2002,Kharif,Korra,1000.0,100
Andhra Pradesh,ANANTAPUR,2002,Kharif,Maize,3541.0,3431
Andhra Pradesh,ANANTAPUR,2002,Kharif,Moong(Green Gram),1150.0,174
Andhra Pradesh,ANANTAPUR,2002,Kharif,Onion,776.0,8432
Andhra Pradesh,ANANTAPUR,2002,Kharif,Other Kharif pulses,490.0,47
Andhra Pradesh,ANANTAPUR,2002,Kharif,Ragi,5157.0,12140
Andhra Pradesh,ANANTAPUR,2002,Kharif,Rice,29066.0,66329
Andhra Pradesh,ANANTAPUR,2002,Kharif,Small millets,919.0,180
Andhra Pradesh,ANANTAPUR,2002,Kharif,Soyabean,51.0,.00
Andhra Pradesh,ANANTAPUR,2002,Kharif,Sunflower,60319.0,22149
Andhra Pradesh,ANANTAPUR,2002,Kharif,Urad,32.0,2
Andhra Pradesh,ANANTAPUR,2002,Rabi,Bajra,129.0,39
Andhra Pradesh,ANANTAPUR,2002,Rabi,Dry chillies,83.0,161
Andhra Pradesh,ANANTAPUR,2002,Rabi,Gram,54264.0,20186
Andhra Pradesh,ANANTAPUR,2002,Rabi,Groundnut,17529.0,18651
Andhra Pradesh,ANANTAPUR,2002,Rabi,Horse-gram,1859.0,688
Andhra Pradesh,ANANTAPUR,2002,Rabi,Jowar,12676.0,11497
Andhra Pradesh,ANANTAPUR,2002,Rabi,Linseed,8.0,2
Andhra Pradesh,ANANTAPUR,2002,Rabi,Maize,1288.0,8933
Andhra Pradesh,ANANTAPUR,2002,Rabi,Moong(Green Gram),4.0,1
Andhra Pradesh,ANANTAPUR,2002,Rabi,Onion,401.0,7192
Andhra Pradesh,ANANTAPUR,2002,Rabi,Ragi,417.0,517
Andhra Pradesh,ANANTAPUR,2002,Rabi,Rice,10960.0,20462
Andhra Pradesh,ANANTAPUR,2002,Rabi,Safflower,2594.0,340
Andhra Pradesh,ANANTAPUR,2002,Rabi,Small millets,10.0,2
Andhra Pradesh,ANANTAPUR,2002,Rabi,Urad,408.0,236
Andhra Pradesh,ANANTAPUR,2002,Rabi,Wheat,362.0,333
Andhra Pradesh,ANANTAPUR,2002,Whole Year,Arecanut,263.0,379
Andhra Pradesh,ANANTAPUR,2002,Whole Year,Banana,19.0,1006
Andhra Pradesh,ANANTAPUR,2002,Whole Year,Beans & Mutter(Vegetable),1.0,5
Andhra Pradesh,ANANTAPUR,2002,Whole Year,Bhindi,126.0,938
Andhra Pradesh,ANANTAPUR,2002,Whole Year,Brinjal,1026.0,10162
Andhra Pradesh,ANANTAPUR,2002,Whole Year,Citrus Fruit,788.0,4000
Andhra Pradesh,ANANTAPUR,2002,Whole Year,Coconut,869.0,3691149
Andhra Pradesh,ANANTAPUR,2002,Whole Year,Coriander,3914.0,481
Andhra Pradesh,ANANTAPUR,2002,Whole Year,Cucumber,18.0,.00
Andhra Pradesh,ANANTAPUR,2002,Whole Year,Grapes,111.0,2075
Andhra Pradesh,ANANTAPUR,2002,Whole Year,Mango,3968.0,26176
Andhra Pradesh,ANANTAPUR,2002,Whole Year,Orange,13767.0,112541
Andhra Pradesh,ANANTAPUR,2002,Whole Year,other fibres,132.0,.00
Andhra Pradesh,ANANTAPUR,2002,Whole Year,Other Fresh Fruits,2418.0,1552
Andhra Pradesh,ANANTAPUR,2002,Whole Year,Other Vegetables,1767.0,.00
Andhra Pradesh,ANANTAPUR,2002,Whole Year,Papaya,1544.0,201409
Andhra Pradesh,ANANTAPUR,2002,Whole Year,Pome Fruit,1207.0,62789
Andhra Pradesh,ANANTAPUR,2002,Whole Year,Potato,2.0,17
Andhra Pradesh,ANANTAPUR,2002,Whole Year,Sugarcane,329.0,22481
Andhra Pradesh,ANANTAPUR,2002,Whole Year,Sweet potato,50.0,540
Andhra Pradesh,ANANTAPUR,2002,Whole Year,Tobacco,51.0,90
Andhra Pradesh,ANANTAPUR,2002,Whole Year,Tomato,3356.0,16627
Andhra Pradesh,ANANTAPUR,2003,Kharif,Arhar/Tur,41178.0,6959
Andhra Pradesh,ANANTAPUR,2003,Kharif,Bajra,2280.0,378
Andhra Pradesh,ANANTAPUR,2003,Kharif,Castor seed,1927.0,805
Andhra Pradesh,ANANTAPUR,2003,Kharif,Cotton(lint),4212.0,4262
Andhra Pradesh,ANANTAPUR,2003,Kharif,Dry chillies,2920.0,10702
Andhra Pradesh,ANANTAPUR,2003,Kharif,Groundnut,670935.0,187862
Andhra Pradesh,ANANTAPUR,2003,Kharif,Horse-gram,492.0,54
Andhra Pradesh,ANANTAPUR,2003,Kharif,Jowar,12487.0,30830
Andhra Pradesh,ANANTAPUR,2003,Kharif,Korra,1245.0,229
Andhra Pradesh,ANANTAPUR,2003,Kharif,Maize,6246.0,10718
Andhra Pradesh,ANANTAPUR,2003,Kharif,Moong(Green Gram),1216.0,662
Andhra Pradesh,ANANTAPUR,2003,Kharif,Onion,846.0,13250
Andhra Pradesh,ANANTAPUR,2003,Kharif,Other Kharif pulses,340.0,15
Andhra Pradesh,ANANTAPUR,2003,Kharif,Ragi,3353.0,3547
Andhra Pradesh,ANANTAPUR,2003,Kharif,Rice,17515.0,44891
Andhra Pradesh,ANANTAPUR,2003,Kharif,Samai,245.0,83
Andhra Pradesh,ANANTAPUR,2003,Kharif,Small millets,1420.0,299
Andhra Pradesh,ANANTAPUR,2003,Kharif,Soyabean,16.0,18
Andhra Pradesh,ANANTAPUR,2003,Kharif,Sunflower,74525.0,29572
Andhra Pradesh,ANANTAPUR,2003,Kharif,Urad,82.0,51
Andhra Pradesh,ANANTAPUR,2003,Rabi,Bajra,113.0,19
Andhra Pradesh,ANANTAPUR,2003,Rabi,Dry chillies,91.0,190
Andhra Pradesh,ANANTAPUR,2003,Rabi,Gram,51461.0,15438
Andhra Pradesh,ANANTAPUR,2003,Rabi,Groundnut,15060.0,19819
Andhra Pradesh,ANANTAPUR,2003,Rabi,Horse-gram,1560.0,844
Andhra Pradesh,ANANTAPUR,2003,Rabi,Jowar,21391.0,19444
Andhra Pradesh,ANANTAPUR,2003,Rabi,Linseed,7.0,2
Andhra Pradesh,ANANTAPUR,2003,Rabi,Maize,1212.0,6787
Andhra Pradesh,ANANTAPUR,2003,Rabi,Moong(Green Gram),22.0,7
Andhra Pradesh,ANANTAPUR,2003,Rabi,Onion,535.0,11180
Andhra Pradesh,ANANTAPUR,2003,Rabi,Other  Rabi pulses,17.0,3
Andhra Pradesh,ANANTAPUR,2003,Rabi,Ragi,614.0,986
Andhra Pradesh,ANANTAPUR,2003,Rabi,Rice,10826.0,25463
Andhra Pradesh,ANANTAPUR,2003,Rabi,Safflower,307.0,11
Andhra Pradesh,ANANTAPUR,2003,Rabi,Small millets,70.0,13
Andhra Pradesh,ANANTAPUR,2003,Rabi,Wheat,414.0,123
Andhra Pradesh,ANANTAPUR,2003,Whole Year,Arecanut,266.0,189
Andhra Pradesh,ANANTAPUR,2003,Whole Year,Banana,36.0,1302
Andhra Pradesh,ANANTAPUR,2003,Whole Year,Bhindi,101.0,873
Andhra Pradesh,ANANTAPUR,2003,Whole Year,Brinjal,1129.0,19414
Andhra Pradesh,ANANTAPUR,2003,Whole Year,Citrus Fruit,706.0,11959
Andhra Pradesh,ANANTAPUR,2003,Whole Year,Coconut,839.0,3285828
Andhra Pradesh,ANANTAPUR,2003,Whole Year,Coriander,5646.0,610
Andhra Pradesh,ANANTAPUR,2003,Whole Year,Cucumber,51.0,.00
Andhra Pradesh,ANANTAPUR,2003,Whole Year,Grapes,118.0,2048
Andhra Pradesh,ANANTAPUR,2003,Whole Year,Mango,3935.0,58337
Andhra Pradesh,ANANTAPUR,2003,Whole Year,Orange,13441.0,224640
Andhra Pradesh,ANANTAPUR,2003,Whole Year,Other Fresh Fruits,3241.0,3586
Andhra Pradesh,ANANTAPUR,2003,Whole Year,Other Vegetables,1783.0,.00
Andhra Pradesh,ANANTAPUR,2003,Whole Year,Papaya,1381.0,60038
Andhra Pradesh,ANANTAPUR,2003,Whole Year,Pome Fruit,1466.0,83767
Andhra Pradesh,ANANTAPUR,2003,Whole Year,Sugarcane,454.0,32386
Andhra Pradesh,ANANTAPUR,2003,Whole Year,Sweet potato,30.0,217
Andhra Pradesh,ANANTAPUR,2003,Whole Year,Tobacco,20.0,25
Andhra Pradesh,ANANTAPUR,2003,Whole Year,Tomato,2827.0,17509
Andhra Pradesh,ANANTAPUR,2004,Kharif,Arhar/Tur,32752.0,7893
Andhra Pradesh,ANANTAPUR,2004,Kharif,Bajra,1021.0,403
Andhra Pradesh,ANANTAPUR,2004,Kharif,Castor seed,1578.0,923
Andhra Pradesh,ANANTAPUR,2004,Kharif,Cotton(lint),8933.0,7041
Andhra Pradesh,ANANTAPUR,2004,Kharif,Dry chillies,3402.0,11288
Andhra Pradesh,ANANTAPUR,2004,Kharif,Groundnut,857823.0,684543
Andhra Pradesh,ANANTAPUR,2004,Kharif,Horse-gram,421.0,121
Andhra Pradesh,ANANTAPUR,2004,Kharif,Jowar,4300.0,5693
Andhra Pradesh,ANANTAPUR,2004,Kharif,Maize,3495.0,10031
Andhra Pradesh,ANANTAPUR,2004,Kharif,Moong(Green Gram),1464.0,545
Andhra Pradesh,ANANTAPUR,2004,Kharif,Onion,1324.0,24824
Andhra Pradesh,ANANTAPUR,2004,Kharif,Other Kharif pulses,1605.0,172
Andhra Pradesh,ANANTAPUR,2004,Kharif,Ragi,3166.0,5860
Andhra Pradesh,ANANTAPUR,2004,Kharif,Rice,24335.0,85051
Andhra Pradesh,ANANTAPUR,2004,Kharif,Small millets,661.0,307
Andhra Pradesh,ANANTAPUR,2004,Kharif,Soyabean,1131.0,691
Andhra Pradesh,ANANTAPUR,2004,Kharif,Sunflower,56819.0,34209
Andhra Pradesh,ANANTAPUR,2004,Kharif,Urad,76.0,37
Andhra Pradesh,ANANTAPUR,2004,Rabi,Bajra,62.0,24
Andhra Pradesh,ANANTAPUR,2004,Rabi,Dry chillies,155.0,754
Andhra Pradesh,ANANTAPUR,2004,Rabi,Gram,42106.0,9516
Andhra Pradesh,ANANTAPUR,2004,Rabi,Groundnut,14500.0,21736
Andhra Pradesh,ANANTAPUR,2004,Rabi,Horse-gram,226.0,30
Andhra Pradesh,ANANTAPUR,2004,Rabi,Jowar,11871.0,14269
Andhra Pradesh,ANANTAPUR,2004,Rabi,Linseed,34.0,4
Andhra Pradesh,ANANTAPUR,2004,Rabi,Maize,3572.0,25822
Andhra Pradesh,ANANTAPUR,2004,Rabi,Moong(Green Gram),3.0,1
Andhra Pradesh,ANANTAPUR,2004,Rabi,Onion,234.0,4830
Andhra Pradesh,ANANTAPUR,2004,Rabi,Ragi,397.0,897
Andhra Pradesh,ANANTAPUR,2004,Rabi,Rice,9240.0,21622
Andhra Pradesh,ANANTAPUR,2004,Rabi,Safflower,186.0,10
Andhra Pradesh,ANANTAPUR,2004,Rabi,Small millets,36.0,17
Andhra Pradesh,ANANTAPUR,2004,Rabi,Sunflower,27228.0,9530
Andhra Pradesh,ANANTAPUR,2004,Rabi,Wheat,393.0,88
Andhra Pradesh,ANANTAPUR,2004,Whole Year,Banana,324.0,16897
Andhra Pradesh,ANANTAPUR,2004,Whole Year,Coconut,837.0,6413350
Andhra Pradesh,ANANTAPUR,2004,Whole Year,Coriander,2439.0,290
Andhra Pradesh,ANANTAPUR,2004,Whole Year,Potato,2.0,20
Andhra Pradesh,ANANTAPUR,2004,Whole Year,Sugarcane,400.0,34072
Andhra Pradesh,ANANTAPUR,2004,Whole Year,Sweet potato,33.0,68
Andhra Pradesh,ANANTAPUR,2004,Whole Year,Tobacco,49.0,53
Andhra Pradesh,ANANTAPUR,2004,Whole Year,Turmeric,4.0,36
Andhra Pradesh,ANANTAPUR,2005,Kharif,Arhar/Tur,35013.0,23704
Andhra Pradesh,ANANTAPUR,2005,Kharif,Bajra,993.0,1888
Andhra Pradesh,ANANTAPUR,2005,Kharif,Castor seed,2081.0,1521
Andhra Pradesh,ANANTAPUR,2005,Kharif,Cotton(lint),3295.0,3450
Andhra Pradesh,ANANTAPUR,2005,Kharif,Dry chillies,2178.0,6175
Andhra Pradesh,ANANTAPUR,2005,Kharif,Groundnut,877029.0,362213
Andhra Pradesh,ANANTAPUR,2005,Kharif,Horse-gram,410.0,107
Andhra Pradesh,ANANTAPUR,2005,Kharif,Jowar,3759.0,3879
Andhra Pradesh,ANANTAPUR,2005,Kharif,Maize,5958.0,21538
Andhra Pradesh,ANANTAPUR,2005,Kharif,Moong(Green Gram),1078.0,747
Andhra Pradesh,ANANTAPUR,2005,Kharif,Onion,985.0,17025
Andhra Pradesh,ANANTAPUR,2005,Kharif,Other Kharif pulses,1429.0,301
Andhra Pradesh,ANANTAPUR,2005,Kharif,Ragi,2303.0,4394
Andhra Pradesh,ANANTAPUR,2005,Kharif,Rice,25008.0,69972
Andhra Pradesh,ANANTAPUR,2005,Kharif,Small millets,854.0,455
Andhra Pradesh,ANANTAPUR,2005,Kharif,Soyabean,421.0,232
Andhra Pradesh,ANANTAPUR,2005,Kharif,Urad,69.0,24
Andhra Pradesh,ANANTAPUR,2005,Rabi,Bajra,66.0,125
Andhra Pradesh,ANANTAPUR,2005,Rabi,Dry chillies,58.0,214
Andhra Pradesh,ANANTAPUR,2005,Rabi,Gram,49105.0,48172
Andhra Pradesh,ANANTAPUR,2005,Rabi,Groundnut,22006.0,29752
Andhra Pradesh,ANANTAPUR,2005,Rabi,Horse-gram,205.0,77
Andhra Pradesh,ANANTAPUR,2005,Rabi,Jowar,12931.0,9970
Andhra Pradesh,ANANTAPUR,2005,Rabi,Linseed,29.0,11
Andhra Pradesh,ANANTAPUR,2005,Rabi,Maize,1435.0,10721
Andhra Pradesh,ANANTAPUR,2005,Rabi,Moong(Green Gram),16.0,5
Andhra Pradesh,ANANTAPUR,2005,Rabi,Onion,381.0,9063
Andhra Pradesh,ANANTAPUR,2005,Rabi,Ragi,472.0,752
Andhra Pradesh,ANANTAPUR,2005,Rabi,Rice,23142.0,55587
Andhra Pradesh,ANANTAPUR,2005,Rabi,Safflower,162.0,33
Andhra Pradesh,ANANTAPUR,2005,Rabi,Urad,11.0,7
Andhra Pradesh,ANANTAPUR,2005,Rabi,Wheat,297.0,175
Andhra Pradesh,ANANTAPUR,2005,Whole Year,Arecanut,268.0,214
Andhra Pradesh,ANANTAPUR,2005,Whole Year,Banana,303.0,16231
Andhra Pradesh,ANANTAPUR,2005,Whole Year,Coconut,836.0,3358992
Andhra Pradesh,ANANTAPUR,2005,Whole Year,Coriander,2962.0,900
Andhra Pradesh,ANANTAPUR,2005,Whole Year,Sugarcane,227.0,20612
Andhra Pradesh,ANANTAPUR,2005,Whole Year,Sunflower,48677.0,8401
Andhra Pradesh,ANANTAPUR,2005,Whole Year,Sweet potato,23.0,121
Andhra Pradesh,ANANTAPUR,2005,Whole Year,Tobacco,1.0,1
Andhra Pradesh,ANANTAPUR,2005,Whole Year,Turmeric,2.0,15
Andhra Pradesh,ANANTAPUR,2006,Kharif,Arhar/Tur,26244.0,3543
Andhra Pradesh,ANANTAPUR,2006,Kharif,Bajra,620.0,189
Andhra Pradesh,ANANTAPUR,2006,Kharif,Castor seed,899.0,451
Andhra Pradesh,ANANTAPUR,2006,Kharif,Cotton(lint),1506.0,1940
Andhra Pradesh,ANANTAPUR,2006,Kharif,Dry chillies,1754.0,5658
Andhra Pradesh,ANANTAPUR,2006,Kharif,Groundnut,644007.0,43148
Andhra Pradesh,ANANTAPUR,2006,Kharif,Horse-gram,1021.0,182
Andhra Pradesh,ANANTAPUR,2006,Kharif,Jowar,18043.0,7813
Andhra Pradesh,ANANTAPUR,2006,Kharif,Maize,4877.0,20181
Andhra Pradesh,ANANTAPUR,2006,Kharif,Moong(Green Gram),788.0,98
Andhra Pradesh,ANANTAPUR,2006,Kharif,Onion,869.0,9423
Andhra Pradesh,ANANTAPUR,2006,Kharif,Other Kharif pulses,742.0,135
Andhra Pradesh,ANANTAPUR,2006,Kharif,Ragi,2035.0,3696
Andhra Pradesh,ANANTAPUR,2006,Kharif,Rice,22349.0,67427
Andhra Pradesh,ANANTAPUR,2006,Kharif,Small millets,450.0,48
Andhra Pradesh,ANANTAPUR,2006,Kharif,Urad,69.0,26
Andhra Pradesh,ANANTAPUR,2006,Rabi,Bajra,141.0,43
Andhra Pradesh,ANANTAPUR,2006,Rabi,Dry chillies,10.0,37
Andhra Pradesh,ANANTAPUR,2006,Rabi,Gram,83533.0,30739
Andhra Pradesh,ANANTAPUR,2006,Rabi,Groundnut,18104.0,18991
Andhra Pradesh,ANANTAPUR,2006,Rabi,Horse-gram,1779.0,882
Andhra Pradesh,ANANTAPUR,2006,Rabi,Jowar,24944.0,15440
Andhra Pradesh,ANANTAPUR,2006,Rabi,Linseed,15.0,4
Andhra Pradesh,ANANTAPUR,2006,Rabi,Maize,3120.0,23640
Andhra Pradesh,ANANTAPUR,2006,Rabi,Moong(Green Gram),139.0,52
Andhra Pradesh,ANANTAPUR,2006,Rabi,Onion,167.0,4075
Andhra Pradesh,ANANTAPUR,2006,Rabi,Ragi,386.0,532
Andhra Pradesh,ANANTAPUR,2006,Rabi,Rice,10846.0,31974
Andhra Pradesh,ANANTAPUR,2006,Rabi,Safflower,72.0,28
Andhra Pradesh,ANANTAPUR,2006,Rabi,Urad,24.0,19
Andhra Pradesh,ANANTAPUR,2006,Rabi,Wheat,190.0,50
Andhra Pradesh,ANANTAPUR,2006,Whole Year,Arecanut,217.0,150
Andhra Pradesh,ANANTAPUR,2006,Whole Year,Banana,289.0,14141
Andhra Pradesh,ANANTAPUR,2006,Whole Year,Coconut,790.0,6404076
Andhra Pradesh,ANANTAPUR,2006,Whole Year,Coriander,1389.0,385
Andhra Pradesh,ANANTAPUR,2006,Whole Year,Sugarcane,339.0,30937
Andhra Pradesh,ANANTAPUR,2006,Whole Year,Sunflower,60751.0,23561
Andhra Pradesh,ANANTAPUR,2006,Whole Year,Sweet potato,25.0,137
Andhra Pradesh,ANANTAPUR,2006,Whole Year,Turmeric,1.0,8
Andhra Pradesh,ANANTAPUR,2007,Kharif,Arhar/Tur,37000.0,17000
Andhra Pradesh,ANANTAPUR,2007,Kharif,Bajra,1000.0,3000
Andhra Pradesh,ANANTAPUR,2007,Kharif,Castor seed,2000.0,1000
Andhra Pradesh,ANANTAPUR,2007,Kharif,Cotton(lint),3000.0,2000
Andhra Pradesh,ANANTAPUR,2007,Kharif,Dry chillies,2000.0,9000
Andhra Pradesh,ANANTAPUR,2007,Kharif,Groundnut,876000.0,1102000
Andhra Pradesh,ANANTAPUR,2007,Kharif,Jowar,4000.0,3000
Andhra Pradesh,ANANTAPUR,2007,Kharif,Maize,7000.0,32000
Andhra Pradesh,ANANTAPUR,2007,Kharif,Moong(Green Gram),1000.0,NA
Andhra Pradesh,ANANTAPUR,2007,Kharif,Onion,2000.0,38000
Andhra Pradesh,ANANTAPUR,2007,Kharif,Ragi,2000.0,4000
Andhra Pradesh,ANANTAPUR,2007,Kharif,Rice,30000.0,95000
Andhra Pradesh,ANANTAPUR,2007,Kharif,Sunflower,19000.0,10000
Andhra Pradesh,ANANTAPUR,2007,Rabi,Gram,75000.0,78000
Andhra Pradesh,ANANTAPUR,2007,Rabi,Groundnut,21000.0,28000
Andhra Pradesh,ANANTAPUR,2007,Rabi,Horse-gram,1000.0,NA
Andhra Pradesh,ANANTAPUR,2007,Rabi,Jowar,12000.0,8000
Andhra Pradesh,ANANTAPUR,2007,Rabi,Maize,6000.0,48000
Andhra Pradesh,ANANTAPUR,2007,Rabi,Rice,14000.0,37000
Andhra Pradesh,ANANTAPUR,2007,Rabi,Sunflower,26000.0,20000
Andhra Pradesh,ANANTAPUR,2008,Kharif,Arhar/Tur,34067.0,13150
Andhra Pradesh,ANANTAPUR,2008,Kharif,Bajra,743.0,1011
Andhra Pradesh,ANANTAPUR,2008,Kharif,Castor seed,886.0,668
Andhra Pradesh,ANANTAPUR,2008,Kharif,Cotton(lint),1611.0,1241
Andhra Pradesh,ANANTAPUR,2008,Kharif,Dry chillies,1574.0,5506
Andhra Pradesh,ANANTAPUR,2008,Kharif,Groundnut,853577.0,75115
Andhra Pradesh,ANANTAPUR,2008,Kharif,Horse-gram,295.0,165
Andhra Pradesh,ANANTAPUR,2008,Kharif,Jowar,1782.0,2204
Andhra Pradesh,ANANTAPUR,2008,Kharif,Maize,6041.0,20896
Andhra Pradesh,ANANTAPUR,2008,Kharif,Moong(Green Gram),629.0,245
Andhra Pradesh,ANANTAPUR,2008,Kharif,Onion,1376.0,23531
Andhra Pradesh,ANANTAPUR,2008,Kharif,Other Kharif pulses,60.0,30
Andhra Pradesh,ANANTAPUR,2008,Kharif,Ragi,1460.0,3678
Andhra Pradesh,ANANTAPUR,2008,Kharif,Rice,30306.0,94615
Andhra Pradesh,ANANTAPUR,2008,Kharif,Small millets,112.0,88
Andhra Pradesh,ANANTAPUR,2008,Kharif,Soyabean,182.0,248
Andhra Pradesh,ANANTAPUR,2008,Rabi,Bajra,26.0,35
Andhra Pradesh,ANANTAPUR,2008,Rabi,Gram,73055.0,68379
Andhra Pradesh,ANANTAPUR,2008,Rabi,Groundnut,16879.0,24897
Andhra Pradesh,ANANTAPUR,2008,Rabi,Horse-gram,205.0,136
Andhra Pradesh,ANANTAPUR,2008,Rabi,Jowar,12501.0,6951
Andhra Pradesh,ANANTAPUR,2008,Rabi,Linseed,14.0,5
Andhra Pradesh,ANANTAPUR,2008,Rabi,Maize,3658.0,32300
Andhra Pradesh,ANANTAPUR,2008,Rabi,Onion,173.0,4129
Andhra Pradesh,ANANTAPUR,2008,Rabi,Ragi,336.0,630
Andhra Pradesh,ANANTAPUR,2008,Rabi,Rice,18416.0,49815
Andhra Pradesh,ANANTAPUR,2008,Rabi,Safflower,113.0,44
Andhra Pradesh,ANANTAPUR,2008,Rabi,Wheat,164.0,217
Andhra Pradesh,ANANTAPUR,2008,Whole Year,Arecanut,325.0,232
Andhra Pradesh,ANANTAPUR,2008,Whole Year,Banana,3603.0,160939
Andhra Pradesh,ANANTAPUR,2008,Whole Year,Coconut,786.0,7141464
Andhra Pradesh,ANANTAPUR,2008,Whole Year,Coriander,3766.0,1288
Andhra Pradesh,ANANTAPUR,2008,Whole Year,Sugarcane,131.0,12305
Andhra Pradesh,ANANTAPUR,2008,Whole Year,Sunflower,42268.0,26305
Andhra Pradesh,ANANTAPUR,2008,Whole Year,Tobacco,99.0,158
Andhra Pradesh,ANANTAPUR,2008,Whole Year,Turmeric,4.0,40
Andhra Pradesh,ANANTAPUR,2009,Kharif,Arhar/Tur,20269.0,5919
Andhra Pradesh,ANANTAPUR,2009,Kharif,Bajra,1722.0,3167
Andhra Pradesh,ANANTAPUR,2009,Kharif,Castor seed,1332.0,663
Andhra Pradesh,ANANTAPUR,2009,Kharif,Cotton(lint),2063.0,1226
Andhra Pradesh,ANANTAPUR,2009,Kharif,Dry chillies,1604.0,4031
Andhra Pradesh,ANANTAPUR,2009,Kharif,Groundnut,510874.0,113925
Andhra Pradesh,ANANTAPUR,2009,Kharif,Horse-gram,5848.0,3982
Andhra Pradesh,ANANTAPUR,2009,Kharif,Jowar,41409.0,25881
Andhra Pradesh,ANANTAPUR,2009,Kharif,Maize,8852.0,43924
Andhra Pradesh,ANANTAPUR,2009,Kharif,Moong(Green Gram),448.0,115
Andhra Pradesh,ANANTAPUR,2009,Kharif,Onion,1663.0,29811
Andhra Pradesh,ANANTAPUR,2009,Kharif,Other Kharif pulses,57.0,17
Andhra Pradesh,ANANTAPUR,2009,Kharif,Ragi,2420.0,3780
Andhra Pradesh,ANANTAPUR,2009,Kharif,Rice,32226.0,101512
Andhra Pradesh,ANANTAPUR,2009,Kharif,Small millets,1045.0,63
Andhra Pradesh,ANANTAPUR,2009,Kharif,Soyabean,24.0,20
Andhra Pradesh,ANANTAPUR,2009,Kharif,Urad,30.0,9
Andhra Pradesh,ANANTAPUR,2009,Rabi,Arhar/Tur,316.0,92
Andhra Pradesh,ANANTAPUR,2009,Rabi,Bajra,45.0,83
Andhra Pradesh,ANANTAPUR,2009,Rabi,Gram,92936.0,107248
Andhra Pradesh,ANANTAPUR,2009,Rabi,Groundnut,19507.0,28051
Andhra Pradesh,ANANTAPUR,2009,Rabi,Horse-gram,4935.0,3420
Andhra Pradesh,ANANTAPUR,2009,Rabi,Jowar,17721.0,14283
Andhra Pradesh,ANANTAPUR,2009,Rabi,Maize,4615.0,33736
Andhra Pradesh,ANANTAPUR,2009,Rabi,Moong(Green Gram),8.0,3
Andhra Pradesh,ANANTAPUR,2009,Rabi,Onion,230.0,5665
Andhra Pradesh,ANANTAPUR,2009,Rabi,Ragi,1122.0,2458
Andhra Pradesh,ANANTAPUR,2009,Rabi,Rapeseed &Mustard,8.0,NA
Andhra Pradesh,ANANTAPUR,2009,Rabi,Rice,19428.0,46899
Andhra Pradesh,ANANTAPUR,2009,Rabi,Safflower,46.0,20
Andhra Pradesh,ANANTAPUR,2009,Rabi,Urad,17.0,13
Andhra Pradesh,ANANTAPUR,2009,Rabi,Wheat,179.0,97
Andhra Pradesh,ANANTAPUR,2009,Whole Year,Arecanut,356.0,169
Andhra Pradesh,ANANTAPUR,2009,Whole Year,Banana,5010.0,265981
Andhra Pradesh,ANANTAPUR,2009,Whole Year,Coconut,725.0,4247685
Andhra Pradesh,ANANTAPUR,2009,Whole Year,Coriander,4470.0,1797
Andhra Pradesh,ANANTAPUR,2009,Whole Year,Sugarcane,112.0,9968
Andhra Pradesh,ANANTAPUR,2009,Whole Year,Sunflower,55286.0,33503
Andhra Pradesh,ANANTAPUR,2009,Whole Year,Sweet potato,13.0,77
Andhra Pradesh,ANANTAPUR,2009,Whole Year,Tobacco,700.0,1179
Andhra Pradesh,ANANTAPUR,2010,Kharif,Arhar/Tur,66013.0,11156
Andhra Pradesh,ANANTAPUR,2010,Kharif,Bajra,2010.0,1465
Andhra Pradesh,ANANTAPUR,2010,Kharif,Castor seed,4328.0,3795
Andhra Pradesh,ANANTAPUR,2010,Kharif,Cotton(lint),4338.0,2977
Andhra Pradesh,ANANTAPUR,2010,Kharif,Dry chillies,1968.0,7307
Andhra Pradesh,ANANTAPUR,2010,Kharif,Groundnut,814077.0,446928
Andhra Pradesh,ANANTAPUR,2010,Kharif,Horse-gram,655.0,317
Andhra Pradesh,ANANTAPUR,2010,Kharif,Jowar,2606.0,2069
Andhra Pradesh,ANANTAPUR,2010,Kharif,Maize,10726.0,51174
Andhra Pradesh,ANANTAPUR,2010,Kharif,Mesta,32.0,286
Andhra Pradesh,ANANTAPUR,2010,Kharif,Moong(Green Gram),791.0,251
Andhra Pradesh,ANANTAPUR,2010,Kharif,Onion,1620.0,26924
Andhra Pradesh,ANANTAPUR,2010,Kharif,Other Kharif pulses,1.0,NA
Andhra Pradesh,ANANTAPUR,2010,Kharif,Ragi,1876.0,3343
Andhra Pradesh,ANANTAPUR,2010,Kharif,Rice,34973.0,102007
Andhra Pradesh,ANANTAPUR,2010,Kharif,Small millets,371.0,345
Andhra Pradesh,ANANTAPUR,2010,Kharif,Soyabean,1682.0,2866
Andhra Pradesh,ANANTAPUR,2010,Kharif,Urad,14.0,6
Andhra Pradesh,ANANTAPUR,2010,Rabi,Bajra,5.0,4
Andhra Pradesh,ANANTAPUR,2010,Rabi,Gram,94240.0,73601
Andhra Pradesh,ANANTAPUR,2010,Rabi,Groundnut,19993.0,34068
Andhra Pradesh,ANANTAPUR,2010,Rabi,Horse-gram,1527.0,860
Andhra Pradesh,ANANTAPUR,2010,Rabi,Jowar,13274.0,8296
Andhra Pradesh,ANANTAPUR,2010,Rabi,Maize,4750.0,43306
Andhra Pradesh,ANANTAPUR,2010,Rabi,Moong(Green Gram),83.0,29
Andhra Pradesh,ANANTAPUR,2010,Rabi,Onion,306.0,8233
Andhra Pradesh,ANANTAPUR,2010,Rabi,Ragi,556.0,831
Andhra Pradesh,ANANTAPUR,2010,Rabi,Rice,24828.0,69394
Andhra Pradesh,ANANTAPUR,2010,Rabi,Safflower,45.0,31
Andhra Pradesh,ANANTAPUR,2010,Rabi,Urad,559.0,299
Andhra Pradesh,ANANTAPUR,2010,Rabi,Wheat,131.0,171
Andhra Pradesh,ANANTAPUR,2010,Whole Year,Arecanut,409.0,182
Andhra Pradesh,ANANTAPUR,2010,Whole Year,Banana,4416.0,223825
Andhra Pradesh,ANANTAPUR,2010,Whole Year,Coriander,5323.0,3604
Andhra Pradesh,ANANTAPUR,2010,Whole Year,Potato,21.0,236
Andhra Pradesh,ANANTAPUR,2010,Whole Year,Sugarcane,235.0,20981
Andhra Pradesh,ANANTAPUR,2010,Whole Year,Sunflower,17615.0,14072
Andhra Pradesh,ANANTAPUR,2010,Whole Year,Sweet potato,4.0,51
Andhra Pradesh,ANANTAPUR,2010,Whole Year,Tobacco,174.0,282
Andhra Pradesh,ANANTAPUR,2010,Whole Year,Turmeric,13.0,102
Andhra Pradesh,ANANTAPUR,2011,Kharif,Arhar/Tur,51728.0,4293
Andhra Pradesh,ANANTAPUR,2011,Kharif,Bajra,2614.0,3307
Andhra Pradesh,ANANTAPUR,2011,Kharif,Castor seed,30203.0,1843
Andhra Pradesh,ANANTAPUR,2011,Kharif,Cotton(lint),19299.0,12069
Andhra Pradesh,ANANTAPUR,2011,Kharif,Cowpea(Lobia),846.0,150
Andhra Pradesh,ANANTAPUR,2011,Kharif,Dry chillies,4101.0,10425
Andhra Pradesh,ANANTAPUR,2011,Kharif,Groundnut,733960.0,174682
Andhra Pradesh,ANANTAPUR,2011,Kharif,Horse-gram,1212.0,645
Andhra Pradesh,ANANTAPUR,2011,Kharif,Jowar,7190.0,7535
Andhra Pradesh,ANANTAPUR,2011,Kharif,Maize,25447.0,63465
Andhra Pradesh,ANANTAPUR,2011,Kharif,Mesta,15.0,117
Andhra Pradesh,ANANTAPUR,2011,Kharif,Moong(Green Gram),785.0,504
Andhra Pradesh,ANANTAPUR,2011,Kharif,Onion,2757.0,39563
Andhra Pradesh,ANANTAPUR,2011,Kharif,Other Kharif pulses,3.0,1
Andhra Pradesh,ANANTAPUR,2011,Kharif,other oilseeds,50.0,1007
Andhra Pradesh,ANANTAPUR,2011,Kharif,Ragi,1574.0,2679
Andhra Pradesh,ANANTAPUR,2011,Kharif,Rice,37720.0,94531
Andhra Pradesh,ANANTAPUR,2011,Kharif,Small millets,1092.0,714
Andhra Pradesh,ANANTAPUR,2011,Kharif,Soyabean,1656.0,2676
Andhra Pradesh,ANANTAPUR,2011,Kharif,Urad,32.0,17
Andhra Pradesh,ANANTAPUR,2011,Rabi,Arhar/Tur,17.0,1
Andhra Pradesh,ANANTAPUR,2011,Rabi,Bajra,116.0,147
Andhra Pradesh,ANANTAPUR,2011,Rabi,Cowpea(Lobia),15.0,12
Andhra Pradesh,ANANTAPUR,2011,Rabi,Dry chillies,64.0,83
Andhra Pradesh,ANANTAPUR,2011,Rabi,Gram,68483.0,38008
Andhra Pradesh,ANANTAPUR,2011,Rabi,Groundnut,19876.0,32696
Andhra Pradesh,ANANTAPUR,2011,Rabi,Horse-gram,986.0,577
Andhra Pradesh,ANANTAPUR,2011,Rabi,Jowar,7907.0,3882
Andhra Pradesh,ANANTAPUR,2011,Rabi,Maize,6208.0,48168
Andhra Pradesh,ANANTAPUR,2011,Rabi,Moong(Green Gram),132.0,79
Andhra Pradesh,ANANTAPUR,2011,Rabi,Onion,208.0,4259
Andhra Pradesh,ANANTAPUR,2011,Rabi,Ragi,1695.0,3421
Andhra Pradesh,ANANTAPUR,2011,Rabi,Rice,10948.0,25542
Andhra Pradesh,ANANTAPUR,2011,Rabi,Safflower,84.0,63
Andhra Pradesh,ANANTAPUR,2011,Rabi,Small millets,10.0,7
Andhra Pradesh,ANANTAPUR,2011,Rabi,Urad,446.0,313
Andhra Pradesh,ANANTAPUR,2011,Rabi,Wheat,75.0,100
Andhra Pradesh,ANANTAPUR,2011,Whole Year,Arecanut,541.0,267
Andhra Pradesh,ANANTAPUR,2011,Whole Year,Banana,8000.0,505176
Andhra Pradesh,ANANTAPUR,2011,Whole Year,Coconut,895.0,7165320
Andhra Pradesh,ANANTAPUR,2011,Whole Year,Coriander,2399.0,1327
Andhra Pradesh,ANANTAPUR,2011,Whole Year,Potato,18.0,181
Andhra Pradesh,ANANTAPUR,2011,Whole Year,Sugarcane,410.0,39186
Andhra Pradesh,ANANTAPUR,2011,Whole Year,Sunflower,13277.0,12094
Andhra Pradesh,ANANTAPUR,2011,Whole Year,Sweet potato,2.0,26
Andhra Pradesh,ANANTAPUR,2011,Whole Year,Tobacco,140.0,226
Andhra Pradesh,ANANTAPUR,2011,Whole Year,Turmeric,321.0,2645
Andhra Pradesh,ANANTAPUR,2012,Kharif,Arecanut,558.0,302
Andhra Pradesh,ANANTAPUR,2012,Kharif,Arhar/Tur,56586.0,8035
Andhra Pradesh,ANANTAPUR,2012,Kharif,Bajra,2176.0,1456
Andhra Pradesh,ANANTAPUR,2012,Kharif,Brinjal,451.0,8211
Andhra Pradesh,ANANTAPUR,2012,Kharif,Castor seed,24154.0,9179
Andhra Pradesh,ANANTAPUR,2012,Kharif,Coriander,2.0,1
Andhra Pradesh,ANANTAPUR,2012,Kharif,Cotton(lint),27566.0,35511
Andhra Pradesh,ANANTAPUR,2012,Kharif,Cowpea(Lobia),586.0,36
Andhra Pradesh,ANANTAPUR,2012,Kharif,Dry chillies,2736.0,5603
Andhra Pradesh,ANANTAPUR,2012,Kharif,Grapes,238.0,7606
Andhra Pradesh,ANANTAPUR,2012,Kharif,Groundnut,708708.0,295531
Andhra Pradesh,ANANTAPUR,2012,Kharif,Horse-gram,848.0,589
Andhra Pradesh,ANANTAPUR,2012,Kharif,Jowar,7599.0,6930
Andhra Pradesh,ANANTAPUR,2012,Kharif,Lemon,422.0,3752
Andhra Pradesh,ANANTAPUR,2012,Kharif,Linseed,7.0,3
Andhra Pradesh,ANANTAPUR,2012,Kharif,Maize,22039.0,63516
Andhra Pradesh,ANANTAPUR,2012,Kharif,Mango,6276.0,57601
Andhra Pradesh,ANANTAPUR,2012,Kharif,Moong(Green Gram),481.0,266
Andhra Pradesh,ANANTAPUR,2012,Kharif,Onion,1548.0,25393
Andhra Pradesh,ANANTAPUR,2012,Kharif,Papaya,447.0,17197
Andhra Pradesh,ANANTAPUR,2012,Kharif,Pome Granet,1279.0,17671
Andhra Pradesh,ANANTAPUR,2012,Kharif,Ragi,1589.0,2336
Andhra Pradesh,ANANTAPUR,2012,Kharif,Rice,22056.0,58691
Andhra Pradesh,ANANTAPUR,2012,Kharif,Sapota,2106.0,41876
Andhra Pradesh,ANANTAPUR,2012,Kharif,Small millets,1343.0,1613
Andhra Pradesh,ANANTAPUR,2012,Kharif,Soyabean,919.0,1671
Andhra Pradesh,ANANTAPUR,2012,Kharif,Sugarcane,76.0,6954
Andhra Pradesh,ANANTAPUR,2012,Kharif,Sunflower,6121.0,5197
Andhra Pradesh,ANANTAPUR,2012,Kharif,Tobacco,10.0,14
Andhra Pradesh,ANANTAPUR,2012,Kharif,Tomato,2552.0,38561
Andhra Pradesh,ANANTAPUR,2012,Kharif,Turmeric,65.0,728
Andhra Pradesh,ANANTAPUR,2012,Kharif,Urad,31.0,29
Andhra Pradesh,ANANTAPUR,2012,Rabi,Bajra,20.0,13
Andhra Pradesh,ANANTAPUR,2012,Rabi,Brinjal,251.0,4570
Andhra Pradesh,ANANTAPUR,2012,Rabi,Castor seed,232.0,88
Andhra Pradesh,ANANTAPUR,2012,Rabi,Coriander,2606.0,1631
Andhra Pradesh,ANANTAPUR,2012,Rabi,Cotton(lint),77.0,99
Andhra Pradesh,ANANTAPUR,2012,Rabi,Cowpea(Lobia),81.0,74
Andhra Pradesh,ANANTAPUR,2012,Rabi,Dry chillies,70.0,159
Andhra Pradesh,ANANTAPUR,2012,Rabi,Gram,89676.0,77301
Andhra Pradesh,ANANTAPUR,2012,Rabi,Groundnut,20987.0,34419
Andhra Pradesh,ANANTAPUR,2012,Rabi,Horse-gram,1997.0,1322
Andhra Pradesh,ANANTAPUR,2012,Rabi,Jowar,5795.0,3141
Andhra Pradesh,ANANTAPUR,2012,Rabi,Maize,7070.0,50098
Andhra Pradesh,ANANTAPUR,2012,Rabi,Moong(Green Gram),117.0,79
Andhra Pradesh,ANANTAPUR,2012,Rabi,Onion,84.0,1195
Andhra Pradesh,ANANTAPUR,2012,Rabi,Potato,36.0,634
Andhra Pradesh,ANANTAPUR,2012,Rabi,Ragi,823.0,1227
Andhra Pradesh,ANANTAPUR,2012,Rabi,Rice,6998.0,17768
Andhra Pradesh,ANANTAPUR,2012,Rabi,Safflower,20.0,33
Andhra Pradesh,ANANTAPUR,2012,Rabi,Small millets,15.0,18
Andhra Pradesh,ANANTAPUR,2012,Rabi,Sunflower,4459.0,1904
Andhra Pradesh,ANANTAPUR,2012,Rabi,Sweet potato,7.0,67
Andhra Pradesh,ANANTAPUR,2012,Rabi,Tobacco,115.0,178
Andhra Pradesh,ANANTAPUR,2012,Rabi,Tomato,1395.0,31096
Andhra Pradesh,ANANTAPUR,2012,Rabi,Urad,153.0,156
Andhra Pradesh,ANANTAPUR,2012,Rabi,Wheat,134.0,151
Andhra Pradesh,ANANTAPUR,2012,Whole Year,Coconut,646.0,5571000
Andhra Pradesh,ANANTAPUR,2013,Kharif,Arecanut,453.0,186
Andhra Pradesh,ANANTAPUR,2013,Kharif,Arhar/Tur,49932.0,9287
Andhra Pradesh,ANANTAPUR,2013,Kharif,Bajra,1332.0,1227
Andhra Pradesh,ANANTAPUR,2013,Kharif,Brinjal,407.0,8624
Andhra Pradesh,ANANTAPUR,2013,Kharif,Cabbage,2.0,38
Andhra Pradesh,ANANTAPUR,2013,Kharif,Cashewnut,9.0,3
Andhra Pradesh,ANANTAPUR,2013,Kharif,Castor seed,11416.0,5366
Andhra Pradesh,ANANTAPUR,2013,Kharif,Cotton(lint),37661.0,77316
Andhra Pradesh,ANANTAPUR,2013,Kharif,Cowpea(Lobia),527.0,253
Andhra Pradesh,ANANTAPUR,2013,Kharif,Dry chillies,2647.0,3965
Andhra Pradesh,ANANTAPUR,2013,Kharif,Grapes,247.0,5644
Andhra Pradesh,ANANTAPUR,2013,Kharif,Groundnut,711145.0,286591
Andhra Pradesh,ANANTAPUR,2013,Kharif,Horse-gram,2317.0,1353
Andhra Pradesh,ANANTAPUR,2013,Kharif,Jowar,14486.0,9749
Andhra Pradesh,ANANTAPUR,2013,Kharif,Lemon,391.0,2003
Andhra Pradesh,ANANTAPUR,2013,Kharif,Linseed,7.0,3
Andhra Pradesh,ANANTAPUR,2013,Kharif,Maize,27087.0,53226
Andhra Pradesh,ANANTAPUR,2013,Kharif,Mango,8711.0,74653
Andhra Pradesh,ANANTAPUR,2013,Kharif,Moong(Green Gram),481.0,534
Andhra Pradesh,ANANTAPUR,2013,Kharif,Onion,1414.0,31097
Andhra Pradesh,ANANTAPUR,2013,Kharif,Other Kharif pulses,62.0,18
Andhra Pradesh,ANANTAPUR,2013,Kharif,other oilseeds,13865.0,9431
Andhra Pradesh,ANANTAPUR,2013,Kharif,Papaya,230.0,22418
Andhra Pradesh,ANANTAPUR,2013,Kharif,Pome Granet,1450.0,23722
Andhra Pradesh,ANANTAPUR,2013,Kharif,Ragi,2055.0,3163
Andhra Pradesh,ANANTAPUR,2013,Kharif,Rice,28114.0,59377
Andhra Pradesh,ANANTAPUR,2013,Kharif,Sapota,2181.0,20517
Andhra Pradesh,ANANTAPUR,2013,Kharif,Small millets,935.0,856
Andhra Pradesh,ANANTAPUR,2013,Kharif,Soyabean,2401.0,3866
Andhra Pradesh,ANANTAPUR,2013,Kharif,Sugarcane,281.0,26505
Andhra Pradesh,ANANTAPUR,2013,Kharif,Sunflower,8109.0,6698
Andhra Pradesh,ANANTAPUR,2013,Kharif,Tobacco,6.0,11
Andhra Pradesh,ANANTAPUR,2013,Kharif,Tomato,2991.0,88620
Andhra Pradesh,ANANTAPUR,2013,Kharif,Turmeric,46.0,567
Andhra Pradesh,ANANTAPUR,2013,Kharif,Urad,48.0,45
Andhra Pradesh,ANANTAPUR,2013,Rabi,Bajra,17.0,16
Andhra Pradesh,ANANTAPUR,2013,Rabi,Brinjal,356.0,7543
Andhra Pradesh,ANANTAPUR,2013,Rabi,Cabbage,11.0,207
Andhra Pradesh,ANANTAPUR,2013,Rabi,Castor seed,31.0,15
Andhra Pradesh,ANANTAPUR,2013,Rabi,Coriander,1971.0,1234
Andhra Pradesh,ANANTAPUR,2013,Rabi,Cotton(lint),62.0,127
Andhra Pradesh,ANANTAPUR,2013,Rabi,Cowpea(Lobia),32.0,26
Andhra Pradesh,ANANTAPUR,2013,Rabi,Dry chillies,27.0,54
Andhra Pradesh,ANANTAPUR,2013,Rabi,Gram,85768.0,68614
Andhra Pradesh,ANANTAPUR,2013,Rabi,Groundnut,17303.0,26335
Andhra Pradesh,ANANTAPUR,2013,Rabi,Horse-gram,2510.0,1416
Andhra Pradesh,ANANTAPUR,2013,Rabi,Jowar,6605.0,3137
Andhra Pradesh,ANANTAPUR,2013,Rabi,Maize,7777.0,57970
Andhra Pradesh,ANANTAPUR,2013,Rabi,Moong(Green Gram),129.0,81
Andhra Pradesh,ANANTAPUR,2013,Rabi,Onion,611.0,14317
Andhra Pradesh,ANANTAPUR,2013,Rabi,Other Kharif pulses,5.0,6
Andhra Pradesh,ANANTAPUR,2013,Rabi,Ragi,822.0,1462
Andhra Pradesh,ANANTAPUR,2013,Rabi,Rice,12283.0,28558
Andhra Pradesh,ANANTAPUR,2013,Rabi,Safflower,58.0,41
Andhra Pradesh,ANANTAPUR,2013,Rabi,Small millets,11.0,10
Andhra Pradesh,ANANTAPUR,2013,Rabi,Sunflower,5911.0,2879
Andhra Pradesh,ANANTAPUR,2013,Rabi,Sweet potato,1.0,9
Andhra Pradesh,ANANTAPUR,2013,Rabi,Tobacco,183.0,309
Andhra Pradesh,ANANTAPUR,2013,Rabi,Tomato,3482.0,80532
Andhra Pradesh,ANANTAPUR,2013,Rabi,Urad,4.0,3
Andhra Pradesh,ANANTAPUR,2013,Rabi,Wheat,62.0,39
Andhra Pradesh,ANANTAPUR,2013,Whole Year,Banana,8661.0,483881
Andhra Pradesh,ANANTAPUR,2013,Whole Year,Cashewnut,9.0,3
Andhra Pradesh,ANANTAPUR,2013,Whole Year,Castor seed,11447.0,5381
Andhra Pradesh,ANANTAPUR,2013,Whole Year,Coconut,552.0,3969000
Andhra Pradesh,ANANTAPUR,2013,Whole Year,Coriander,1971.0,1234
Andhra Pradesh,ANANTAPUR,2013,Whole Year,Linseed,7.0,3
Andhra Pradesh,ANANTAPUR,2013,Whole Year,Potato,82.0,1179
Andhra Pradesh,ANANTAPUR,2013,Whole Year,Safflower,58.0,41
Andhra Pradesh,ANANTAPUR,2013,Whole Year,Sweet potato,1.0,9
Andhra Pradesh,ANANTAPUR,2013,Whole Year,Wheat,62.0,39
Andhra Pradesh,ANANTAPUR,2014,Kharif,Arhar/Tur,37562.0,4845
Andhra Pradesh,ANANTAPUR,2014,Kharif,Bajra,1752.0,1028
Andhra Pradesh,ANANTAPUR,2014,Kharif,Brinjal,320.0,7596
Andhra Pradesh,ANANTAPUR,2014,Kharif,Cabbage,10.0,123
Andhra Pradesh,ANANTAPUR,2014,Kharif,Cashewnut,19.0,7
Andhra Pradesh,ANANTAPUR,2014,Kharif,Castor seed,10320.0,5903
Andhra Pradesh,ANANTAPUR,2014,Kharif,Coriander,162.0,84
Andhra Pradesh,ANANTAPUR,2014,Kharif,Cotton(lint),73734.0,103779
Andhra Pradesh,ANANTAPUR,2014,Kharif,Cowpea(Lobia),982.0,410
Andhra Pradesh,ANANTAPUR,2014,Kharif,Dry chillies,2799.0,11848
Andhra Pradesh,ANANTAPUR,2014,Kharif,Grapes,309.0,6886
Andhra Pradesh,ANANTAPUR,2014,Kharif,Groundnut,550794.0,148714
Andhra Pradesh,ANANTAPUR,2014,Kharif,Horse-gram,3692.0,1658
Andhra Pradesh,ANANTAPUR,2014,Kharif,Jowar,13189.0,4234
Andhra Pradesh,ANANTAPUR,2014,Kharif,Lemon,416.0,3618
Andhra Pradesh,ANANTAPUR,2014,Kharif,Maize,16839.0,42687
Andhra Pradesh,ANANTAPUR,2014,Kharif,Mango,11278.0,70939
Andhra Pradesh,ANANTAPUR,2014,Kharif,Mesta,15.0,106
Andhra Pradesh,ANANTAPUR,2014,Kharif,Moong(Green Gram),2428.0,2994
Andhra Pradesh,ANANTAPUR,2014,Kharif,Onion,1969.0,35214
Andhra Pradesh,ANANTAPUR,2014,Kharif,Other Kharif pulses,25.0,2
Andhra Pradesh,ANANTAPUR,2014,Kharif,other oilseeds,31.0,49
Andhra Pradesh,ANANTAPUR,2014,Kharif,Papaya,374.0,29443
Andhra Pradesh,ANANTAPUR,2014,Kharif,Pome Granet,1572.0,16416
Andhra Pradesh,ANANTAPUR,2014,Kharif,Potato,15.0,281
Andhra Pradesh,ANANTAPUR,2014,Kharif,Ragi,1136.0,1713
Andhra Pradesh,ANANTAPUR,2014,Kharif,Rice,22658.0,68155
Andhra Pradesh,ANANTAPUR,2014,Kharif,Sapota,2151.0,19520
Andhra Pradesh,ANANTAPUR,2014,Kharif,Small millets,691.0,606
Andhra Pradesh,ANANTAPUR,2014,Kharif,Soyabean,44.0,50
Andhra Pradesh,ANANTAPUR,2014,Kharif,Sugarcane,30.0,2456
Andhra Pradesh,ANANTAPUR,2014,Kharif,Sunflower,5066.0,1180
Andhra Pradesh,ANANTAPUR,2014,Kharif,Tobacco,15.0,43
Andhra Pradesh,ANANTAPUR,2014,Kharif,Tomato,3976.0,113236
Andhra Pradesh,ANANTAPUR,2014,Kharif,Turmeric,19.0,223
Andhra Pradesh,ANANTAPUR,2014,Kharif,Urad,188.0,249
Andhra Pradesh,ANANTAPUR,2014,Rabi,Bajra,47.0,28
Andhra Pradesh,ANANTAPUR,2014,Rabi,Brinjal,468.0,11108
Andhra Pradesh,ANANTAPUR,2014,Rabi,Cabbage,2.0,25
Andhra Pradesh,ANANTAPUR,2014,Rabi,Castor seed,229.0,131
Andhra Pradesh,ANANTAPUR,2014,Rabi,Coriander,8223.0,4251
Andhra Pradesh,ANANTAPUR,2014,Rabi,Cotton(lint),884.0,1244
Andhra Pradesh,ANANTAPUR,2014,Rabi,Cowpea(Lobia),234.0,263
Andhra Pradesh,ANANTAPUR,2014,Rabi,Dry chillies,124.0,387
Andhra Pradesh,ANANTAPUR,2014,Rabi,Gram,68092.0,38676
Andhra Pradesh,ANANTAPUR,2014,Rabi,Groundnut,14957.0,24679
Andhra Pradesh,ANANTAPUR,2014,Rabi,Horse-gram,8079.0,3700
Andhra Pradesh,ANANTAPUR,2014,Rabi,Jowar,5263.0,1368
Andhra Pradesh,ANANTAPUR,2014,Rabi,Maize,4474.0,31618
Andhra Pradesh,ANANTAPUR,2014,Rabi,Moong(Green Gram),586.0,481
Andhra Pradesh,ANANTAPUR,2014,Rabi,Onion,297.0,6767
Andhra Pradesh,ANANTAPUR,2014,Rabi,Other  Rabi pulses,2.0,2
Andhra Pradesh,ANANTAPUR,2014,Rabi,Potato,77.0,1442
Andhra Pradesh,ANANTAPUR,2014,Rabi,Ragi,734.0,1122
Andhra Pradesh,ANANTAPUR,2014,Rabi,Rice,6553.0,14377
Andhra Pradesh,ANANTAPUR,2014,Rabi,Safflower,310.0,87
Andhra Pradesh,ANANTAPUR,2014,Rabi,Small millets,47.0,41
Andhra Pradesh,ANANTAPUR,2014,Rabi,Sunflower,3386.0,1642
Andhra Pradesh,ANANTAPUR,2014,Rabi,Sweet potato,4.0,44
Andhra Pradesh,ANANTAPUR,2014,Rabi,Tobacco,341.0,635
Andhra Pradesh,ANANTAPUR,2014,Rabi,Tomato,4191.0,87055
Andhra Pradesh,ANANTAPUR,2014,Rabi,Urad,42.0,61
Andhra Pradesh,ANANTAPUR,2014,Whole Year,Coconut,687.0,5756000
Andhra Pradesh,ANANTAPUR,2014,Whole Year,Rice,29211.0,82532
Andhra Pradesh,CHITTOOR,1997,Kharif,Arhar/Tur,6100.0,900
Andhra Pradesh,CHITTOOR,1997,Kharif,Bajra,1700.0,1900
Andhra Pradesh,CHITTOOR,1997,Kharif,Dry chillies,600.0,800
Andhra Pradesh,CHITTOOR,1997,Kharif,Groundnut,234900.0,144200
Andhra Pradesh,CHITTOOR,1997,Kharif,Horse-gram,3100.0,2000
Andhra Pradesh,CHITTOOR,1997,Kharif,Jowar,2400.0,1500
Andhra Pradesh,CHITTOOR,1997,Kharif,Maize,100.0,300
Andhra Pradesh,CHITTOOR,1997,Kharif,Moong(Green Gram),200.0,100
Andhra Pradesh,CHITTOOR,1997,Kharif,Other Kharif pulses,2200.0,300
